thisRow.t,notes,Instruction.started,text.started,key_resp_2.started,Instruction.stopped,key_resp_2.keys,key_resp_2.rt,key_resp_2.duration,TRIAL.started,item1.started,sound_1.started,item2.started,sound_2.started,sound_1.stopped,item1.stopped,item2.stopped,sound_2.stopped,image_L.started,image_R.started,key_resp.started,TRIAL.stopped,key_resp.keys,key_resp.corr,key_resp.rt,key_resp.duration,xLength1,xLength2,ratio,participant,session,date,expName,psychopyVersion,frameRate,expStart,
,,0.06774340000993107,0.10000430000945926,0.10000430000945926,4.218192700005602,space,4.110158299998147,None,,,,,,,,,,,,,,,,,,,,,MSC1218,001,2025-02-04_10h43.34.011,Time estimation,2023.2.3,60.02973873538669,2025-02-04 10h43.59.222750 +0100,
,,,,,,,,,6.438755000010133,6.548445600012201,6.483175759922597,6.864919700004975,6.865060460010136,8.648073800010025,8.69799200000125,11.813898200009135,11.813898200009135,12.280536300007952,12.280536300007952,12.780511900011334,16.098422800001572,p,1,3307.6742999983253,None,1.6403333333333334,4.921,3,MSC1218,001,2025-02-04_10h43.34.011,Time estimation,2023.2.3,60.02973873538669,2025-02-04 10h43.59.222750 +0100,
,,,,,,,,,17.006288800010225,17.113061399999424,17.04674961997516,18.379220100003295,18.379281660002015,18.845890000011423,18.895961500005797,22.22858010001073,22.22858010001073,22.711901200003922,22.711901200003922,23.21167950000381,24.83028920000652,p,1,1616.6040999960387,None,1.2763333333333333,3.829,3,MSC1218,001,2025-02-04_10h43.34.011,Time estimation,2023.2.3,60.02973873538669,2025-02-04 10h43.59.222750 +0100,
,,,,,,,,,25.78042950000963,25.877857200001017,25.828193999972427,30.42688640000415,30.426934960005745,30.94325100000424,30.976802800010773,31.97653930001252,31.97653930001252,32.44310410000617,32.44310410000617,32.943055800002185,34.477954800007865,w,1,1520.8437999972375,None,4.584,1.528,3,MSC1218,001,2025-02-04_10h43.34.011,Time estimation,2023.2.3,60.02973873538669,2025-02-04 10h43.59.222750 +0100,
,,34.50911460000498,34.52605890000996,34.52605890000996,38.61094640000374,space,4.082293599989498,None,,,,,,,,,,,,,,,,,,,,,MSC1218,001,2025-02-04_10h43.34.011,Time estimation,2023.2.3,60.02973873538669,2025-02-04 10h43.59.222750 +0100,
,,,,,,,,,39.5646504000033,39.65831300000718,39.60892539996712,40.54160340000817,40.54171896001062,41.05819619999966,41.09147130000929,43.34098960000847,43.34098960000847,43.80760700000974,43.80760700000974,44.30750230001286,45.75909110000066,p,1,1439.8463999968953,None,0.923,2.772845240102558,3.0041660239464334,MSC1218,001,2025-02-04_10h43.34.011,Time estimation,2023.2.3,60.02973873538669,2025-02-04 10h43.59.222750 +0100,
,,,,,,,,,46.502762300006,46.606983300007414,46.54075071997504,50.23971400001028,50.23946176000609,50.53932340000756,50.58940330000769,51.989105700005894,51.989105700005894,52.472291199999745,52.472291199999745,52.972122100007255,53.55752310001117,w,1,574.9150000046939,None,3.467139453745991,1.732,2.0018126176362534,MSC1218,001,2025-02-04_10h43.34.011,Time estimation,2023.2.3,60.02973873538669,2025-02-04 10h43.59.222750 +0100,
,,,,,,,,,54.58481830000528,54.68861260000267,54.62244053996401,55.971543200008455,55.97172595999873,56.554860600008396,56.604871600007755,56.90478810000059,56.90478810000059,57.371527700001025,57.371527700001025,57.87122540001292,60.989968400012,w,1,3110.628499998711,None,1.4038267698164988,0.906,1.5494776708791378,MSC1218,001,2025-02-04_10h43.34.011,Time estimation,2023.2.3,60.02973873538669,2025-02-04 10h43.59.222750 +0100,
,,,,,,,,,61.79885099999956,61.903889500012156,61.85439261997526,64.88638720000745,64.88648576001142,65.26972280000336,65.30306830001064,68.71924640001089,68.71924640001089,69.20232970001234,69.20232970001234,69.70210040001257,72.10475579999911,p,1,2396.80080000835,None,2.89,3.8097516740142763,1.3182531743994035,MSC1218,001,2025-02-04_10h43.34.011,Time estimation,2023.2.3,60.02973873538669,2025-02-04 10h43.59.222750 +0100,
,,,,,,,,,73.03012310000486,73.13495890000195,73.06869357997785,74.41779540000425,74.41783526001237,74.90103290000116,74.95104230000288,75.53432710000197,75.53432710000197,76.01749009999912,76.01749009999912,76.51737090000825,78.30354850000003,w,1,1779.246800011606,None,1.3047421560690242,1.096,1.190458171595825,MSC1218,001,2025-02-04_10h43.34.011,Time estimation,2023.2.3,60.02973873538669,2025-02-04 10h43.59.222750 +0100,
,,,,,,,,,79.02570019999985,79.11703760000819,79.06777935998107,82.18289550000918,82.18291626000283,82.4661877000035,82.49950230000832,84.78233960000216,84.78233960000216,85.24898150000081,85.24898150000081,85.74885030000587,86.21716890000971,p,0,462.45200000703335,None,2.868834641079299,2.57,1.1162780704588713,MSC1218,001,2025-02-04_10h43.34.011,Time estimation,2023.2.3,60.02973873538669,2025-02-04 10h43.59.222750 +0100,
,,,,,,,,,87.24602160000359,87.34863340000447,87.2823809399648,93.46413340000436,93.46390266000381,94.0638486000098,94.09716879999905,98.72944890000508,98.72944890000508,99.21267950000765,99.21267950000765,99.71263050001289,100.9144735000009,p,0,1191.4680999907432,None,6.244,5.245039388179288,1.190458171595825,MSC1218,001,2025-02-04_10h43.34.011,Time estimation,2023.2.3,60.02973873538669,2025-02-04 10h43.59.222750 +0100,
,,,,,,,,,101.85721060000651,101.96231820000685,101.89608403996827,104.86163830000442,104.86160136000981,105.37817890000588,105.41142790000595,108.76066179999907,108.76066179999907,109.24401580000995,109.24401580000995,109.74405700000352,111.74547250001342,w,0,1990.0526000128593,None,2.945,3.882255598606243,1.3182531743994035,MSC1218,001,2025-02-04_10h43.34.011,Time estimation,2023.2.3,60.02973873538669,2025-02-04 10h43.59.222750 +0100,
,,,,,,,,,112.67124420001346,112.7767479000031,112.71056947997131,113.47640800000227,113.47653556000878,113.97642910000286,114.0097681000043,113.97642910000286,113.97642910000286,114.44290930000716,114.44290930000716,114.94286770001054,119.29435300000478,p,0,4344.925800003693,None,0.7205071169587991,0.465,1.5494776708791378,MSC1218,001,2025-02-04_10h43.34.011,Time estimation,2023.2.3,60.02973873538669,2025-02-04 10h43.59.222750 +0100,
,,,,,,,,,120.1448800000071,120.24198360000446,120.19260013997847,122.12475160000031,122.12479116000614,122.52456600000733,122.55798840000352,125.79061180001008,125.79061180001008,126.25735400000121,126.25735400000121,126.75721940000949,128.30925630001002,p,1,1541.4987999974983,None,1.8153547280019837,3.634,2.0018126176362534,MSC1218,001,2025-02-04_10h43.34.011,Time estimation,2023.2.3,60.02973873538669,2025-02-04 10h43.59.222750 +0100,
,,,,,,,,,129.26698920001218,129.3733753000124,129.30756589997327,131.58940400001302,131.58944256001124,132.10621340000944,132.15598680000403,136.17181530001108,136.17181530001108,136.65527820000716,136.65527820000716,137.154881200011,138.25670110000647,p,1,1086.75509999739,None,2.277,4.558127330357749,2.0018126176362534,MSC1218,001,2025-02-04_10h43.34.011,Time estimation,2023.2.3,60.02973873538669,2025-02-04 10h43.59.222750 +0100,
,,,,,,,,,139.20235020000837,139.30458190001082,139.25507549996837,142.42061260000628,142.4205951600001,142.93700940000417,142.97053610000876,144.36999090001336,144.36999090001336,144.85330120001163,144.85330120001163,145.35329600000114,146.47226140000566,w,1,1112.9703000042355,None,3.159535905902225,1.933,1.6345245245226203,MSC1218,001,2025-02-04_10h43.34.011,Time estimation,2023.2.3,60.02973873538669,2025-02-04 10h43.59.222750 +0100,
,,,,,,,,,147.45758470000874,147.5527557000023,147.50329921996746,156.41761560000305,156.41772786000948,156.9680526000011,157.00102770001104,161.9165442000085,161.9165442000085,162.39978550000524,162.39978550000524,162.89973340000142,163.81825200001185,p,0,906.202400001348,None,8.943,5.471315887788159,1.6345245245226203,MSC1218,001,2025-02-04_10h43.34.011,Time estimation,2023.2.3,60.02973873538669,2025-02-04 10h43.59.222750 +0100,
,,,,,,,,,164.74377490000916,164.84941520000575,164.78329537996908,169.24837910001224,169.24838516001037,169.74842260000878,169.7816281000123,178.12995810000575,178.12995810000575,178.6131102000072,178.6131102000072,179.11303630001203,181.19857550000597,p,1,2079.788799994276,None,4.425489140167742,8.859,2.0018126176362534,MSC1218,001,2025-02-04_10h43.34.011,Time estimation,2023.2.3,60.02973873538669,2025-02-04 10h43.59.222750 +0100,
,,,,,,,,,182.12281369999982,182.379018800013,182.17976613997743,189.9608164000092,189.96085376001284,190.47745980000764,190.64396960000158,193.85992330001318,193.85992330001318,194.3431760000094,194.3431760000094,194.84309130000474,196.244849300012,w,1,1387.2586000070442,None,7.758,3.8754876114032446,2.0018126176362534,MSC1218,001,2025-02-04_10h43.34.011,Time estimation,2023.2.3,60.02973873538669,2025-02-04 10h43.59.222750 +0100,
,,,,,,,,,197.1714345000073,197.27610230000573,197.2098990799743,202.70812120000483,202.70819786000212,203.19150450000598,203.24151260001236,206.07401440000103,206.07401440000103,206.5575067000027,206.5575067000027,207.05724439999904,208.75887540000258,p,0,1684.0451000025496,None,5.463,3.3422563675485537,1.6345245245226203,MSC1218,001,2025-02-04_10h43.34.011,Time estimation,2023.2.3,60.02973873538669,2025-02-04 10h43.59.222750 +0100,
,,,,,,,,,209.71470650000265,209.8066785000119,209.75733189997845,211.056530700007,211.05655466001045,211.55659210000886,211.589718800009,213.6559702000086,213.6559702000086,214.12251490000926,214.12251490000926,214.62251880000986,216.72389079999994,w,0,2094.7487999947043,None,1.283,2.568325588427313,2.0018126176362534,MSC1218,001,2025-02-04_10h43.34.011,Time estimation,2023.2.3,60.02973873538669,2025-02-04 10h43.59.222750 +0100,
,,,,,,,,,217.73977480000758,217.85518420000153,217.78898003996582,225.28685850001057,225.28697536000837,225.87007860001177,225.92011040000943,228.1531040000118,228.1531040000118,228.61986020000768,228.61986020000768,229.11939020000864,229.60509029999957,w,1,475.872499999241,None,7.55657442508157,2.835,2.66545835099879,MSC1218,001,2025-02-04_10h43.34.011,Time estimation,2023.2.3,60.02973873538669,2025-02-04 10h43.59.222750 +0100,
