thisRow.t,notes,Instruction.started,text.started,key_resp_2.started,Instruction.stopped,key_resp_2.keys,key_resp_2.rt,key_resp_2.duration,TRIAL.started,item1.started,sound_1.started,item1.stopped,sound_1.stopped,item2.started,sound_2.started,item2.stopped,sound_2.stopped,image_L.started,image_R.started,key_resp.started,TRIAL.stopped,key_resp.keys,key_resp.corr,key_resp.rt,key_resp.duration,xLength1,xLength2,ratio,End.started,text_2.started,text_2.stopped,End.stopped,participant,session,date,expName,psychopyVersion,frameRate,expStart,
,,0.016282399999909103,0.02023629999894183,0.02023629999894183,1.0539237999910256,space,1.0277581999980612,None,,,,,,,,,,,,,,,,,,,,,,,,,BLU515,001,2025-03-12_11h34.04.596,Time estimation,2023.2.3,59.82965301208568,2025-03-12 11h34.18.165910 +0100,
,,,,,,,,,1.5027066999900853,1.5294917999999598,1.5171760800061747,3.067992399999639,3.067992399999639,3.0758725999912713,3.084648310000193,6.159491899990826,6.180034299992258,6.677832100001979,6.677832100001979,7.176041700004134,7.812224099994637,p,1,619.7603000036906,None,1.028,3.084,3,,,,,BLU515,001,2025-03-12_11h34.04.596,Time estimation,2023.2.3,59.82965301208568,2025-03-12 11h34.18.165910 +0100,
,,,,,,,,,8.011830799994641,8.02785889999359,8.026361429996905,9.610086599990609,9.610086599990609,9.893309199993382,9.892405510004028,13.118938799991156,13.118938799991156,13.593908900002134,13.593908900002134,14.09272639999108,16.178152299995418,p,1,2077.693100000033,None,1.07,3.21,3,,,,,BLU515,001,2025-03-12_11h34.04.596,Time estimation,2023.2.3,59.82965301208568,2025-03-12 11h34.18.165910 +0100,
,,,,,,,,,16.380925099991146,16.400817399990046,16.39269953000476,18.271695199990063,18.271695199990063,18.547923299993272,18.54746661000245,22.639752999995835,22.639752999995835,23.115346499995212,23.115346499995212,23.615062600001693,24.73395549999259,p,1,1115.5617000040365,None,1.3563333333333334,4.069,3,,,,,BLU515,001,2025-03-12_11h34.04.596,Time estimation,2023.2.3,59.82965301208568,2025-03-12 11h34.18.165910 +0100,
,,24.74583210000128,24.748189099991578,24.748189099991578,26.83318020000297,space,2.0820177999994485,None,,,,,,,,,,,,,,,,,,,,,,,,,BLU515,001,2025-03-12_11h34.04.596,Time estimation,2023.2.3,59.82965301208568,2025-03-12 11h34.18.165910 +0100,
,,,,,,,,,27.038117299991427,27.054858299990883,27.063803240004926,33.75215929999831,33.77944610000122,34.034834899997804,34.03448580999684,36.10849909999524,36.10849909999524,36.603068900003564,36.603068900003564,37.10247939999681,38.17134869999427,w,1,1056.2808999966364,None,6.193,2.0614706213422065,3.0041660239464334,,,,,BLU515,001,2025-03-12_11h34.04.596,Time estimation,2023.2.3,59.82965301208568,2025-03-12 11h34.18.165910 +0100,
,,,,,,,,,38.374886899997364,38.392181299990625,38.38559753000154,46.5301516999898,46.5301516999898,46.80665479999152,46.805526709996045,50.630835299991304,50.630835299991304,51.12354849999247,51.12354849999247,51.62332839998999,53.074227399993106,w,1,1438.3896000072127,None,7.628,3.8105464681340484,2.0018126176362534,,,,,BLU515,001,2025-03-12_11h34.04.596,Time estimation,2023.2.3,59.82965301208568,2025-03-12 11h34.18.165910 +0100,
,,,,,,,,,53.27404459999525,53.292172399989795,53.289103230001636,55.37168830000155,55.36087499999849,55.638676000002306,55.63847130999493,56.66049219999695,56.66049219999695,57.15608990000328,57.15608990000328,57.65604980000353,60.158140400002594,w,1,2486.183399989386,None,1.5649724475879292,1.01,1.5494776708791378,,,,,BLU515,001,2025-03-12_11h34.04.596,Time estimation,2023.2.3,59.82965301208568,2025-03-12 11h34.18.165910 +0100,
,,,,,,,,,60.35126309999032,60.36807039999985,60.3722829300008,66.54112809999788,66.54112809999788,66.8153261999978,66.81521320999018,74.28859779999766,74.28859779999766,74.78394120000303,74.78394120000303,75.28312469999946,77.21914119999565,p,1,1928.9404000010109,None,5.655969691403896,7.456,1.3182531743994035,,,,,BLU515,001,2025-03-12_11h34.04.596,Time estimation,2023.2.3,59.82965301208568,2025-03-12 11h34.18.165910 +0100,
,,,,,,,,,77.42287229999783,77.44052249999368,77.4330265299999,80.48193799999717,80.48193799999717,80.75437110000348,80.75405290999042,83.77959069999633,83.77959069999633,84.25505510000221,84.25505510000221,84.75390090000292,85.43960519999382,w,0,675.2888999908464,None,2.5267582446577994,3.008,1.190458171595825,,,,,BLU515,001,2025-03-12_11h34.04.596,Time estimation,2023.2.3,59.82965301208568,2025-03-12 11h34.18.165910 +0100,
,,,,,,,,,85.63351050000347,85.65012340000249,85.6541559300007,92.55071169999428,92.55071169999428,92.8210098999989,92.82091800999187,97.67957779999415,97.67957779999415,98.17230949999066,98.17230949999066,98.67141490000358,99.84009539999533,w,1,1151.0986999928718,None,6.379,4.8389794342094214,1.3182531743994035,,,,,BLU515,001,2025-03-12_11h34.04.596,Time estimation,2023.2.3,59.82965301208568,2025-03-12 11h34.18.165910 +0100,
,,,,,,,,,100.03814370000327,100.05591939999431,100.0544469299988,105.46034109999891,105.46034109999891,105.73588779999409,105.73602260999614,112.2016614000022,112.2016614000022,112.68718919999083,112.68718919999083,113.16968110000016,113.472191199995,p,1,292.2927999898093,None,4.8875285302729745,6.443,1.3182531743994035,,,,,BLU515,001,2025-03-12_11h34.04.596,Time estimation,2023.2.3,59.82965301208568,2025-03-12 11h34.18.165910 +0100,
,,,,,,,,,113.68910239999241,113.70628169999691,113.70309814000503,116.60972009999387,116.60972009999387,116.86969079999835,116.86933790999755,119.80037949999678,119.80037949999678,120.28673140000319,120.28673140000319,120.78673700000218,122.58823139999004,p,1,1794.9814000021433,None,2.395,2.9124480038210745,1.2160534462718473,,,,,BLU515,001,2025-03-12_11h34.04.596,Time estimation,2023.2.3,59.82965301208568,2025-03-12 11h34.18.165910 +0100,
,,,,,,,,,122.78179969999474,122.79922659999283,122.80279323000867,123.93990789999953,123.93990789999953,124.21306509998976,124.2130747099989,124.9693918999983,124.9693918999983,125.46409579999454,125.46409579999454,125.9633526999969,130.46467629999097,p,1,4496.56220000179,None,0.616,0.749088922903458,1.2160534462718473,,,,,BLU515,001,2025-03-12_11h34.04.596,Time estimation,2023.2.3,59.82965301208568,2025-03-12 11h34.18.165910 +0100,
,,,,,,,,,130.6766382999922,130.6949098999903,130.69598664000225,137.05100979999406,137.05100979999406,137.30905759999587,137.30852660999227,144.02996639999037,144.02996639999037,144.50920849999238,144.50920849999238,145.008814899993,146.1933910999942,p,1,1178.274899997632,None,5.836162017883912,6.703,1.1485287727550766,,,,,BLU515,001,2025-03-12_11h34.04.596,Time estimation,2023.2.3,59.82965301208568,2025-03-12 11h34.18.165910 +0100,
,,,,,,,,,146.39477450000413,146.41219089999504,146.40826793001034,149.8301683000027,149.8301683000027,150.1090269999986,150.10858200999502,153.44959979999112,153.44959979999112,153.94325769999705,153.94325769999705,154.44309899999644,157.47850889999245,w,0,3021.3965000002645,None,2.903,3.334179027307987,1.1485287727550766,,,,,BLU515,001,2025-03-12_11h34.04.596,Time estimation,2023.2.3,59.82965301208568,2025-03-12 11h34.18.165910 +0100,
,,,,,,,,,157.68363909999607,157.70049770000333,157.70956914000564,163.647830300004,163.6689583999978,163.9319194999989,163.93156990999415,170.56950209999923,170.56950209999923,171.0658900999988,171.0658900999988,171.5657366999949,172.519392599992,p,1,950.7014999981038,None,5.447951338249807,6.625,1.2160534462718473,,,,,BLU515,001,2025-03-12_11h34.04.596,Time estimation,2023.2.3,59.82965301208568,2025-03-12 11h34.18.165910 +0100,
,,,,,,,,,172.7189279000013,172.73551210000005,172.73182143000886,174.23948669999663,174.23948669999663,174.51488950000203,174.514989109998,175.3414722000016,175.3414722000016,175.832805500002,175.832805500002,176.33183290000306,177.78460810000252,w,1,1435.5505999992602,None,0.9922996121578274,0.816,1.2160534462718473,,,,,BLU515,001,2025-03-12_11h34.04.596,Time estimation,2023.2.3,59.82965301208568,2025-03-12 11h34.18.165910 +0100,
,,,,,,,,,177.99691489999532,178.01416029999382,178.01540354000755,183.5910823000013,183.5910823000013,183.8446213999996,183.84416880999635,189.6695153999899,189.6695153999899,190.1623355999909,190.1623355999909,190.6610248999932,191.2133262999996,p,1,546.9460000022082,None,5.05951625927546,5.811,1.1485287727550766,,,,,BLU515,001,2025-03-12_11h34.04.596,Time estimation,2023.2.3,59.82965301208568,2025-03-12 11h34.18.165910 +0100,
,,,,,,,,,191.41546740000194,191.4321928999998,191.42768153000216,194.65175419999287,194.65175419999287,194.92821669999103,194.92829371000408,198.0488975999906,198.0488975999906,198.5294847000041,198.5294847000041,199.02895989999524,200.58021919999737,w,0,1537.029099999927,None,2.706070647707474,3.108,1.1485287727550766,,,,,BLU515,001,2025-03-12_11h34.04.596,Time estimation,2023.2.3,59.82965301208568,2025-03-12 11h34.18.165910 +0100,
,,,,,,,,,200.77550899999915,200.79230149999785,200.79517263000017,204.7501709999924,204.7501709999924,205.02418149998994,205.02402800999408,207.86033470000257,207.86033470000257,208.3414919999923,208.3414919999923,208.84056229999987,213.44214489999285,p,0,4592.681000009179,None,3.4353509857179687,2.825,1.2160534462718473,,,,,BLU515,001,2025-03-12_11h34.04.596,Time estimation,2023.2.3,59.82965301208568,2025-03-12 11h34.18.165910 +0100,
,,,,,,,,,213.64119829999981,213.658717600003,213.65692533000257,222.26053339999635,222.26053339999635,222.5397263999912,222.53894810999628,228.70070020000276,228.70070020000276,229.1907710999949,229.1907710999949,229.68939189999946,231.5922164999938,p,0,1887.287399993511,None,8.093,6.139184913161444,1.3182531743994035,,,,,BLU515,001,2025-03-12_11h34.04.596,Time estimation,2023.2.3,59.82965301208568,2025-03-12 11h34.18.165910 +0100,
,,,,,,,,,231.80578739999328,231.82317659999535,231.82289784000315,233.27026769999065,233.27026769999065,233.5371124999947,233.53655180999777,234.9309748999949,234.9309748999949,235.42162290000124,235.42162290000124,235.9205673999968,238.03804590000072,w,0,2112.2458999889204,None,0.935,1.3813841150836708,1.4774161658648883,,,,,BLU515,001,2025-03-12_11h34.04.596,Time estimation,2023.2.3,59.82965301208568,2025-03-12 11h34.18.165910 +0100,
,,,,,,,,,238.24714140000287,238.26971239999693,238.27030063999993,241.64046830000007,241.64046830000007,241.90088699999615,241.90039581000457,246.8666899999953,246.86263589998998,247.35176469999715,247.35176469999715,247.85072119999677,248.28693400000338,p,1,428.4364000050118,None,2.852750507951109,4.951,1.7355180504571663,,,,,BLU515,001,2025-03-12_11h34.04.596,Time estimation,2023.2.3,59.82965301208568,2025-03-12 11h34.18.165910 +0100,
,,,,,,,,,248.49571950000245,248.5138264999987,248.51745714000137,251.30955769999127,251.30955769999127,251.5674779999972,251.56709561000463,255.53939259999606,255.53939259999606,256.0349647999974,256.0349647999974,256.5348060999968,258.92044590000296,p,1,2371.703600001638,None,2.2800108584048755,3.957,1.7355180504571663,,,,,BLU515,001,2025-03-12_11h34.04.596,Time estimation,2023.2.3,59.82965301208568,2025-03-12 11h34.18.165910 +0100,
,,,,,,,,,259.1536671999929,259.17127099999925,259.16767804999836,264.11783209998976,264.1104994999914,264.3682165999926,264.3681026099919,270.93084129999625,270.93084129999625,271.4189459999907,271.4189459999907,271.918107599995,272.5873438999988,p,1,666.9690999988234,None,4.433415682957272,6.55,1.4774161658648886,,,,,BLU515,001,2025-03-12_11h34.04.596,Time estimation,2023.2.3,59.82965301208568,2025-03-12 11h34.18.165910 +0100,
,,,,,,,,,272.791186699993,272.80740039999364,272.80162792999766,278.128847400003,278.128847400003,278.40107599999465,278.40091960999126,281.65754580000066,281.65754580000066,282.1527822999924,282.1527822999924,282.65227449999657,284.68548899999587,w,1,2026.6787000000477,None,4.801,3.2495921670042542,1.4774161658648886,,,,,BLU515,001,2025-03-12_11h34.04.596,Time estimation,2023.2.3,59.82965301208568,2025-03-12 11h34.18.165910 +0100,
,,,,,,,,,284.8946736999933,284.9111668999976,284.91787634000065,287.74829760000284,287.74829760000284,288.0076965999906,288.00752010999423,291.0775655999896,291.0775655999896,291.57573159999447,291.57573159999447,292.0746938999946,292.5920514000027,p,1,509.90590000583325,None,2.3204950759126226,3.059,1.3182531743994037,,,,,BLU515,001,2025-03-12_11h34.04.596,Time estimation,2023.2.3,59.82965301208568,2025-03-12 11h34.18.165910 +0100,
,,,,,,,,,292.78693719999865,292.8035106000025,292.8077880300029,293.69098319999466,293.7086810999899,293.99126769999566,293.99116110999313,294.5178729999898,294.5178729999898,294.99258559999,294.99258559999,295.4913419999939,296.2087821000023,w,0,715.8740000013495,None,0.386,0.5088457253181699,1.3182531743994037,,,,,BLU515,001,2025-03-12_11h34.04.596,Time estimation,2023.2.3,59.82965301208568,2025-03-12 11h34.18.165910 +0100,
,,,,,,,,,296.4354682999983,296.45286409999244,296.4579261500039,299.86684770000284,299.86684770000284,300.10799289999704,300.1078386099951,302.07695659999445,302.07695659999445,302.57569169999624,302.57569169999624,303.0747296999907,305.9425107999996,w,1,2862.147500010906,None,2.894258268929317,1.959,1.4774161658648886,,,,,BLU515,001,2025-03-12_11h34.04.596,Time estimation,2023.2.3,59.82965301208568,2025-03-12 11h34.18.165910 +0100,
,,,,,,,,,306.1449788000027,306.1631186000013,306.1584018300113,313.99927939999907,313.99927939999907,314.27761920000194,314.277302209998,319.2488608999993,319.2488608999993,319.7447458999959,319.7447458999959,320.2438578000001,322.5611702000024,w,1,2311.8762000085553,None,7.327,4.959333848706555,1.4774161658648886,,,,,BLU515,001,2025-03-12_11h34.04.596,Time estimation,2023.2.3,59.82965301208568,2025-03-12 11h34.18.165910 +0100,
,,,,,,,,,322.7657947999978,322.7825740999979,322.777106030006,326.5459181999904,326.5294739999954,326.8155981000018,326.8125818099914,329.29601959999127,329.2793573999952,329.7805767999962,329.7805767999962,330.27963859999727,333.6141830999986,p,0,3321.9456000078935,None,3.252,2.4669009437292737,1.3182531743994037,,,,,BLU515,001,2025-03-12_11h34.04.596,Time estimation,2023.2.3,59.82965301208568,2025-03-12 11h34.18.165910 +0100,
,,,,,,,,,333.8145220000006,333.8307799000031,333.82964832999863,337.1009142999974,337.1009142999974,337.3792308999982,337.37903570999043,339.25976279999304,339.25976279999304,339.74667330000375,339.74667330000375,340.2462739999901,341.149179,w,1,898.1084999977611,None,2.756858565503882,1.866,1.4774161658648886,,,,,BLU515,001,2025-03-12_11h34.04.596,Time estimation,2023.2.3,59.82965301208568,2025-03-12 11h34.18.165910 +0100,
,,,,,,,,,341.3630630999978,341.379746599996,341.37919344000983,346.12886080000317,346.12886080000317,346.3955183999933,346.395214009998,352.68898959999206,352.68898959999206,353.1631703000021,353.1631703000021,353.6625229999918,355.48223339999095,w,0,1813.0823999963468,None,4.2432187658716245,6.269,1.4774161658648886,,,,,BLU515,001,2025-03-12_11h34.04.596,Time estimation,2023.2.3,59.82965301208568,2025-03-12 11h34.18.165910 +0100,
,,,,,,,,,355.7133066999959,355.7306899999967,355.7297061499994,361.17133319999266,361.17133319999266,361.41104809999524,361.41147360999895,369.98932480000076,369.98932480000076,370.4627458000032,370.4627458000032,370.96176829999604,371.1141229999921,p,1,135.56419999804348,None,4.927635294687515,8.552,1.7355180504571663,,,,,BLU515,001,2025-03-12_11h34.04.596,Time estimation,2023.2.3,59.82965301208568,2025-03-12 11h34.18.165910 +0100,
,,,,,,,,,371.3164586999919,371.3335256999999,371.3284120299999,373.64431859999604,373.6291552999901,373.91170689999126,373.911717709995,377.0500617999933,377.0500617999933,377.5461435999896,377.5461435999896,378.04429569999047,378.8128451999946,w,0,757.2452000022167,None,1.797,3.118725936671528,1.7355180504571663,,,,,BLU515,001,2025-03-12_11h34.04.596,Time estimation,2023.2.3,59.82965301208568,2025-03-12 11h34.18.165910 +0100,
,,,,,,,,,379.0122543999896,379.0288137000025,379.02771123000133,383.3018957000022,383.3018957000022,383.5782959999924,383.57864260999196,385.3190908999968,385.3190908999968,385.8125824000017,385.8125824000017,386.3118168999936,389.1969543000014,w,1,2881.0005000123056,None,3.761,1.7262380732492446,2.178726131860124,,,,,BLU515,001,2025-03-12_11h34.04.596,Time estimation,2023.2.3,59.82965301208568,2025-03-12 11h34.18.165910 +0100,
,,,,,,,,,389.40081789999385,389.41784179999377,389.41124853000514,396.880519600003,396.880519600003,397.14931459999934,397.14900530999586,400.35070189999533,400.35070189999533,400.83271550000063,400.83271550000063,401.33211740000115,403.3320085000014,w,1,1994.0519999945536,None,6.939,3.184888590873839,2.178726131860124,,,,,BLU515,001,2025-03-12_11h34.04.596,Time estimation,2023.2.3,59.82965301208568,2025-03-12 11h34.18.165910 +0100,
,,,,,,,,,,,,,,,,,,,,,,,,,,,,,403.3320655999996,403.3478017000016,406.34797499999695,406.33146800000395,,,,,,,,
