thisRow.t,notes,Instruction.started,text.started,key_resp_2.started,Instruction.stopped,key_resp_2.keys,key_resp_2.rt,key_resp_2.duration,TRIAL.started,item1.started,sound_1.started,item2.started,sound_2.started,sound_1.stopped,item1.stopped,item2.stopped,sound_2.stopped,image_L.started,image_R.started,key_resp.started,TRIAL.stopped,key_resp.keys,key_resp.corr,key_resp.rt,key_resp.duration,xLength1,xLength2,ratio,End.started,text_2.started,End.stopped,participant,session,date,expName,psychopyVersion,frameRate,expStart,
,,1.2861190000548959,1.3359004999510944,1.3359004999510944,5.119414399960078,space,3.770943899988197,None,,,,,,,,,,,,,,,,,,,,,,,,EBO1116,001,2025-03-18_11h28.27.451,Time estimation,2023.2.3,60.00142803089072,2025-03-18 11h28.51.002059 +0100,
,,,,,,,,,6.550674899946898,6.675818199990317,6.5840214199386535,12.200935299973935,12.197578740038443,13.173367999959737,13.246690000058152,14.238602500059642,14.238602500059642,14.740704099996947,14.740704099996947,15.231279500061646,18.15016329998616,w,1,2904.0767999831587,None,6.072,2.024,3,,,,EBO1116,001,2025-03-18_11h28.27.451,Time estimation,2023.2.3,60.00142803089072,2025-03-18 11h28.51.002059 +0100,
,,,,,,,,,18.9393485999899,18.992703399970196,18.96412475992693,23.85171660000924,23.843466539948714,24.174498999956995,24.182575299986638,25.425814399961382,25.420277300057933,25.926437300047837,25.926437300047837,26.410668800002895,31.16385370003991,w,1,4748.095600050874,None,4.686,1.562,3,,,,EBO1116,001,2025-03-18_11h28.27.451,Time estimation,2023.2.3,60.00142803089072,2025-03-18 11h28.51.002059 +0100,
,,,,,,,,,31.901815599994734,31.94879990001209,31.926574239996263,33.60852370003704,33.60684373994591,33.892995700007305,33.90073959995061,37.93852019996848,37.93852019996848,38.41941960004624,38.41941960004624,38.906759200035594,40.37659060000442,p,1,1458.2420999649912,None,1.434,4.302,3,,,,EBO1116,001,2025-03-18_11h28.27.451,Time estimation,2023.2.3,60.00142803089072,2025-03-18 11h28.51.002059 +0100,
,,40.41919939999934,40.42954759998247,40.42954759998247,43.25626779999584,space,2.8182319999905303,None,,,,,,,,,,,,,,,,,,,,,,,,EBO1116,001,2025-03-18_11h28.27.451,Time estimation,2023.2.3,60.00142803089072,2025-03-18 11h28.51.002059 +0100,
,,,,,,,,,44.03110430005472,44.07940110005438,44.07009385995334,45.50411630002782,45.503126339952,45.83246219996363,45.839302800013684,49.25836680002976,49.25836680002976,49.75588880002033,49.75588880002033,50.25257050001528,51.154874600004405,w,0,892.546399962157,None,1.2452707241145156,3.741,3.0041660239464334,,,,EBO1116,001,2025-03-18_11h28.27.451,Time estimation,2023.2.3,60.00142803089072,2025-03-18 11h28.51.002059 +0100,
,,,,,,,,,51.91945749998558,51.973858000012115,51.9525684199296,55.00134790001903,54.99966324000852,55.312079500057735,55.31864279997535,63.53777890000492,63.53777890000492,64.03137840004638,64.03137840004638,64.51451010000892,65.41765600000508,p,1,886.5176000399515,None,2.8353958909402417,8.518,3.0041660239464334,,,,EBO1116,001,2025-03-18_11h28.27.451,Time estimation,2023.2.3,60.00142803089072,2025-03-18 11h28.51.002059 +0100,
,,,,,,,,,66.15571249998175,66.21467460005078,66.19836167989996,74.61104930005968,74.6097523399745,74.88362970005255,74.89250690001063,78.7088509000605,78.7088509000605,79.19593339995481,79.19593339995481,79.6926946999738,81.5289295000257,w,1,1827.9386999784037,None,8.177,4.084797911632422,2.0018126176362534,,,,EBO1116,001,2025-03-18_11h28.27.451,Time estimation,2023.2.3,60.00142803089072,2025-03-18 11h28.51.002059 +0100,
,,,,,,,,,82.28945230005775,82.34874889999628,82.32610051992815,84.30777600000147,84.30658374001504,84.6238364999881,84.63146459998097,87.8785831000423,87.8785831000423,88.38361330004409,88.38361330004409,88.87319429998752,89.37693729996681,w,0,498.45700000878423,None,1.776,3.555219208921986,2.0018126176362534,,,,EBO1116,001,2025-03-18_11h28.27.451,Time estimation,2023.2.3,60.00142803089072,2025-03-18 11h28.51.002059 +0100,
,,,,,,,,,90.0125860000262,90.06260569998994,90.03989509993698,92.73775480000768,92.73664963998598,92.91371460002847,92.92193279997446,93.63630779995583,93.6307118999539,94.13122960005421,94.13122960005421,94.62133440002799,97.6393006000435,p,0,3002.6863999664783,None,2.3562651822829306,0.884,2.66545835099879,,,,EBO1116,001,2025-03-18_11h28.27.451,Time estimation,2023.2.3,60.00142803089072,2025-03-18 11h28.51.002059 +0100,
,,,,,,,,,98.26371610001661,98.31248079997022,98.30378359998576,99.702583199949,99.70098844004096,99.88172199996188,99.88172199996188,102.88895990001038,102.88895990001038,103.3867801000597,103.3867801000597,103.86808489996474,104.92341799999122,p,1,1050.2151000546291,None,1.0552013353229122,3.17,3.0041660239464334,,,,EBO1116,001,2025-03-18_11h28.27.451,Time estimation,2023.2.3,60.00142803089072,2025-03-18 11h28.51.002059 +0100,
,,,,,,,,,105.53873100003693,105.58702099998482,105.5680339599843,112.18167610000819,112.18053943997947,112.3230550000444,112.33092500001658,114.27856330003124,114.27856330003124,114.75344810006209,114.75344810006209,115.24808239995036,115.76865460001864,w,1,516.4993000216782,None,6.242,2.0777813044434126,3.0041660239464334,,,,EBO1116,001,2025-03-18_11h28.27.451,Time estimation,2023.2.3,60.00142803089072,2025-03-18 11h28.51.002059 +0100,
,,,,,,,,,116.56778319994919,116.61548469995614,116.59786109998822,119.27927970001474,119.27781264003133,119.63228969997726,119.63916410005186,124.74798460002057,124.74798460002057,125.25160780001897,125.25160780001897,125.74368349998258,126.2808310999535,p,1,532.4660999467596,None,2.506051550103929,5.46,2.178726131860124,,,,EBO1116,001,2025-03-18_11h28.27.451,Time estimation,2023.2.3,60.00142803089072,2025-03-18 11h28.51.002059 +0100,
,,,,,,,,,126.98738559999038,127.04125859995838,127.02741189993685,131.45847940002568,131.45719514003721,131.72111020004377,131.72111020004377,133.37901579996105,133.37901579996105,133.8904325000476,133.8904325000476,134.3745802999474,135.4265869000228,w,1,1036.9722000323236,None,4.166,1.9121265124053055,2.178726131860124,,,,EBO1116,001,2025-03-18_11h28.27.451,Time estimation,2023.2.3,60.00142803089072,2025-03-18 11h28.51.002059 +0100,
,,,,,,,,,136.00440390000585,136.0522123000119,136.0408916799235,136.95593489997555,136.9550842400291,137.0906395999482,137.0906395999482,137.874641399947,137.8696348000085,138.37183980003465,138.37183980003465,138.8558957000496,140.79187760001514,p,1,1925.910499994643,None,0.519,0.9007338681872693,1.7355180504571663,,,,EBO1116,001,2025-03-18_11h28.27.451,Time estimation,2023.2.3,60.00142803089072,2025-03-18 11h28.51.002059 +0100,
,,,,,,,,,141.45519160002004,141.5120039000176,141.4891608799109,150.6521178999683,150.65068694002693,150.86185370001476,150.86892050004099,155.76842360000592,155.76842360000592,156.2612646999769,156.2612646999769,156.74986119999085,158.3193089000415,p,0,1555.8418999426067,None,8.853,5.101070540676867,1.7355180504571663,,,,EBO1116,001,2025-03-18_11h28.27.451,Time estimation,2023.2.3,60.00142803089072,2025-03-18 11h28.51.002059 +0100,
,,,,,,,,,159.07330399996135,159.12184080004226,159.10023867989656,162.2647033999674,162.2634707400226,162.54245549999177,162.54966320004314,168.66834530001506,168.66834530001506,169.1494220000459,169.1494220000459,169.64575929997955,170.1830828000093,p,1,533.2685000030324,None,2.9319885168615194,6.388,2.178726131860124,,,,EBO1116,001,2025-03-18_11h28.27.451,Time estimation,2023.2.3,60.00142803089072,2025-03-18 11h28.51.002059 +0100,
,,,,,,,,,170.94245630002115,170.9921733000083,170.9795090199448,175.84386260004248,175.84250533996382,176.15031499997713,176.15031499997713,177.9985914999852,177.9985914999852,178.48872569995,178.48872569995,178.97572049999144,181.41216790000908,w,1,2418.5276000062004,None,4.65,2.1342746717918075,2.178726131860124,,,,EBO1116,001,2025-03-18_11h28.27.451,Time estimation,2023.2.3,60.00142803089072,2025-03-18 11h28.51.002059 +0100,
,,,,,,,,,182.33932160004042,182.38775370002259,182.3762606199132,183.806949299993,183.8057458400377,184.27322500001173,184.2804601000389,186.2079535999801,186.2079535999801,186.71650260000024,186.71650260000024,187.18995799997356,191.99145700002555,p,1,4786.1786999274045,None,1.381,2.3967504276813467,1.7355180504571663,,,,EBO1116,001,2025-03-18_11h28.27.451,Time estimation,2023.2.3,60.00142803089072,2025-03-18 11h28.51.002059 +0100,
,,,,,,,,,192.565260100062,192.61364600004163,192.60516357991145,199.31921019998845,199.31750424004858,199.4536342000356,199.4608608999988,202.97816239995882,202.97816239995882,203.47614140005317,203.47614140005317,203.96735579997767,204.7868891999824,w,1,802.3671000264585,None,6.323,3.64329255943746,1.7355180504571663,,,,EBO1116,001,2025-03-18_11h28.27.451,Time estimation,2023.2.3,60.00142803089072,2025-03-18 11h28.51.002059 +0100,
,,,,,,,,,205.6377066000132,205.68590140005108,205.66799171991877,208.0326795000583,208.03171783996513,208.43326950003393,208.4400306000607,211.34867289999966,211.34867289999966,211.83376619999763,211.83376619999763,212.33102439995855,212.80077850003727,p,1,455.05849993787706,None,2.237013562163937,3.305,1.4774161658648886,,,,EBO1116,001,2025-03-18_11h28.27.451,Time estimation,2023.2.3,60.00142803089072,2025-03-18 11h28.51.002059 +0100,
,,,,,,,,,213.41466620005667,213.46193160000257,213.44822295991472,218.62813740002457,218.62693164005177,218.7939174999483,218.80054590001237,225.7681726999581,225.7681726999581,226.27065650001168,226.27065650001168,226.74225560005289,227.57871579995845,p,1,819.8520999867469,None,4.819901233334159,7.121,1.4774161658648886,,,,EBO1116,001,2025-03-18_11h28.27.451,Time estimation,2023.2.3,60.00142803089072,2025-03-18 11h28.51.002059 +0100,
,,,,,,,,,228.2697597000515,228.3171796000097,228.3096414599335,233.24085289996583,233.23933873997302,233.47995189996436,233.47995189996436,239.39746989996638,239.39746989996638,239.8796438999707,239.8796438999707,240.37146589998156,241.60805929999333,w,0,1221.5033000102267,None,4.654644585093119,6.136,1.3182531743994037,,,,EBO1116,001,2025-03-18_11h28.27.451,Time estimation,2023.2.3,60.00142803089072,2025-03-18 11h28.51.002059 +0100,
,,,,,,,,,242.47327059996314,242.52255820005666,242.50548195999582,249.00200310000218,249.0006984399748,249.4221423000563,249.42880230001174,253.338632900035,253.338632900035,253.84396149998065,253.84396149998065,254.33404680003878,254.68705950002186,w,1,337.8248999360949,None,6.39,4.325118505969003,1.4774161658648886,,,,EBO1116,001,2025-03-18_11h28.27.451,Time estimation,2023.2.3,60.00142803089072,2025-03-18 11h28.51.002059 +0100,
,,,,,,,,,255.43526990001556,255.48529470001813,255.46752877997932,263.4140666000312,263.41298134004467,263.71347810002044,263.7208679000614,268.6487016000319,268.6487016000319,269.15488869999535,269.15488869999535,269.64515180001035,271.3647078999784,w,1,1707.7235999749973,None,7.726,5.2293999338210515,1.4774161658648886,,,,EBO1116,001,2025-03-18_11h28.27.451,Time estimation,2023.2.3,60.00142803089072,2025-03-18 11h28.51.002059 +0100,
,,,,,,,,,272.091294700047,272.1376262999838,272.1285189399729,277.4090126999654,277.40773514002797,277.6930586999515,277.6930586999515,281.24865600001067,281.24865600001067,281.73948830005247,281.73948830005247,282.2244846000103,282.879042900051,w,1,649.4097000686452,None,5.037,3.8209655761267993,1.3182531743994037,,,,EBO1116,001,2025-03-18_11h28.27.451,Time estimation,2023.2.3,60.00142803089072,2025-03-18 11h28.51.002059 +0100,
,,,,,,,,,283.70977800001856,283.7564826000016,283.74130707995505,292.27102089999244,292.2699743399513,292.652300799964,292.65904119994957,298.648364600027,298.648364600027,299.14214120002,299.14214120002,299.6350477000233,301.4396453000372,p,0,1799.3362999986857,None,8.389,6.363724482455374,1.3182531743994037,,,,EBO1116,001,2025-03-18_11h28.27.451,Time estimation,2023.2.3,60.00142803089072,2025-03-18 11h28.51.002059 +0100,
,,,,,,,,,302.2932246000273,302.33967290003784,302.31846581994324,304.03386039996985,304.03277683999625,304.41345800005365,304.4203857999528,305.12810410000384,305.12810410000384,305.6189110999694,305.6189110999694,306.0994064999977,314.1517048999667,w,1,8046.515100053512,None,1.579357881309566,1.069,1.4774161658648886,,,,EBO1116,001,2025-03-18_11h28.27.451,Time estimation,2023.2.3,60.00142803089072,2025-03-18 11h28.51.002059 +0100,
,,,,,,,,,314.91787030000705,314.9660667000571,314.9477285199799,317.8954432000173,317.8935775400256,318.1939450999489,318.202271200018,321.93857700005174,321.93857700005174,322.43025239999406,322.43025239999406,322.92731539998204,325.2629765999736,p,1,2321.10920001287,None,2.729088860104385,4.032,1.4774161658648886,,,,EBO1116,001,2025-03-18_11h28.27.451,Time estimation,2023.2.3,60.00142803089072,2025-03-18 11h28.51.002059 +0100,
,,,,,,,,,325.96996540005784,326.01703230000567,325.9939840599895,332.70601590001024,332.70590063995917,332.9531253000023,332.9602661000099,337.5987977000186,337.5987977000186,338.0982340000337,338.0982340000337,338.5885202999925,339.3423712999793,p,0,744.6449000854045,None,6.434,4.880701313639037,1.3182531743994037,,,,EBO1116,001,2025-03-18_11h28.27.451,Time estimation,2023.2.3,60.00142803089072,2025-03-18 11h28.51.002059 +0100,
,,,,,,,,,340.14183960005175,340.1887593000429,340.17262799991295,342.52044620004017,342.5186520400108,342.853609999991,342.86090710002463,345.72980730002746,345.72980730002746,346.2347855999833,346.2347855999833,346.7193653000286,351.46867460000794,p,1,4741.880500107072,None,2.165,3.1986059990974836,1.4774161658648886,,,,EBO1116,001,2025-03-18_11h28.27.451,Time estimation,2023.2.3,60.00142803089072,2025-03-18 11h28.51.002059 +0100,
,,,,,,,,,352.2637872999767,352.31032920000143,352.30083699990064,357.39866009994876,357.39756413999714,357.75296489999164,357.76033700001426,360.7578303000191,360.7578303000191,361.24847550003324,361.24847550003324,361.73100010002963,363.2185149999568,w,1,1481.7069000564516,None,4.925,3.333522479170163,1.4774161658648886,,,,EBO1116,001,2025-03-18_11h28.27.451,Time estimation,2023.2.3,60.00142803089072,2025-03-18 11h28.51.002059 +0100,
,,,,,,,,,364.2022280000383,364.252170199994,364.2316440399387,368.19518100004643,368.19381143999055,368.7136790000368,368.7208514000522,371.2180541000562,371.2180541000562,371.69748279999476,371.69748279999476,372.19436880003195,375.2459754999727,p,0,3042.0078999595717,None,3.96,3.003975318932326,1.3182531743994037,,,,EBO1116,001,2025-03-18_11h28.27.451,Time estimation,2023.2.3,60.00142803089072,2025-03-18 11h28.51.002059 +0100,
,,,,,,,,,375.97846480004955,376.02600259997416,376.01042073990686,379.4249406000599,379.423614139983,379.70316439995077,379.71078329999,384.12859980005305,384.12859980005305,384.63815819995943,384.63815819995943,385.12267049995717,385.92749859998,p,1,798.6329999985173,None,3.1771684298933494,4.694,1.4774161658648886,,,,EBO1116,001,2025-03-18_11h28.27.451,Time estimation,2023.2.3,60.00142803089072,2025-03-18 11h28.51.002059 +0100,
,,,,,,,,,386.62936729996,386.67727420001756,386.6567694599275,391.6874291000422,391.68619613997873,391.9131834000582,391.92060950002633,394.9084152999567,394.9084152999567,395.4014242000412,395.4014242000412,395.8864012999693,400.33950050000567,w,1,4447.683500009589,None,4.744,3.2110112977021834,1.4774161658648886,,,,EBO1116,001,2025-03-18_11h28.27.451,Time estimation,2023.2.3,60.00142803089072,2025-03-18 11h28.51.002059 +0100,
,,,,,,,,,401.1245991999749,401.17281230003573,401.15179915997436,401.73404759995174,401.73270523998656,402.0641686000163,402.0713379000081,402.25820280006155,402.25820280006155,402.77245040005073,402.77245040005073,403.25044019997586,409.75288849999197,w,0,6495.588400051929,None,0.389,0.5128004848413681,1.3182531743994037,,,,EBO1116,001,2025-03-18_11h28.27.451,Time estimation,2023.2.3,60.00142803089072,2025-03-18 11h28.51.002059 +0100,
,,,,,,,,,410.32849179999903,410.3870904999785,410.3653310799157,412.43035309994593,412.42913363998525,412.5441447000485,412.551946499967,413.56968730001245,413.56968730001245,414.0508626999799,414.0508626999799,414.5462785999989,415.8659323999891,w,1,1304.17929997202,None,1.6620931865979995,1.125,1.4774161658648886,,,,EBO1116,001,2025-03-18_11h28.27.451,Time estimation,2023.2.3,60.00142803089072,2025-03-18 11h28.51.002059 +0100,
,,,,,,,,,416.4533691999968,416.51580159994774,416.49639532000293,423.4100187000586,423.40812893999976,423.53219159995206,423.54167259996757,427.8487212000182,427.8487212000182,428.3329947000602,428.3329947000602,428.8246626999462,432.6120375000173,p,0,3781.382799963467,None,6.53,4.419878535833739,1.4774161658648886,,,,EBO1116,001,2025-03-18_11h28.27.451,Time estimation,2023.2.3,60.00142803089072,2025-03-18 11h28.51.002059 +0100,
,,,,,,,,,,,,,,,,,,,,,,,,,,,,,432.6122312999796,432.62297889997717,435.6202601999976,,,,,,,,
