thisRow.t,notes,Instruction.started,text.started,key_resp_2.started,Instruction.stopped,key_resp_2.keys,key_resp_2.rt,key_resp_2.duration,TRIAL.started,item1.started,sound_1.started,item2.started,sound_2.started,item2.stopped,sound_2.stopped,image_L.started,image_R.started,sound_1.stopped,key_resp.started,item1.stopped,TRIAL.stopped,key_resp.keys,key_resp.corr,key_resp.rt,key_resp.duration,xLength1,xLength2,ratio,End.started,text_2.started,text_2.stopped,End.stopped,participant,session,date,expName,psychopyVersion,frameRate,expStart,
,,0.0805363999970723,0.11304489999747602,0.11304489999747602,1.465074799998547,space,1.3458510000018578,None,,,,,,,,,,,,,,,,,,,,,,,,,GLE1113,001,2024-09-09_15h41.27.648,Time estimation,2023.2.3,60.14147680998324,2024-09-09 15h41.46.973457 +0200,
,,,,,,,,,4.127045699999144,4.22855619999973,4.169663869982832,6.1614848999997776,6.161585289996947,7.411337499997899,7.411337499997899,7.877703699999984,7.877703699999984,8.39443989999927,8.411168899998302,8.427662199999759,11.813387499998498,w,1,3395.42259999871,None,3.685,1.2283333333333333,3,,,,,GLE1113,001,2024-09-09_15h41.27.648,Time estimation,2023.2.3,60.14147680998324,2024-09-09 15h41.46.973457 +0200,
,,,,,,,,,12.800533499997982,12.910227000000305,12.8401557799938,16.40956979999828,16.409768489998168,17.625849799998832,17.625849799998832,18.092628700000205,18.092628700000205,16.94265059999816,18.59256479999749,16.99267989999862,19.82737780000025,w,1,1222.3503999994136,None,3.581,1.1936666666666667,3,,,,,GLE1113,001,2024-09-09_15h41.27.648,Time estimation,2023.2.3,60.14147680998324,2024-09-09 15h41.46.973457 +0200,
,,,,,,,,,20.772162299999763,20.87533309999708,20.822187799993117,21.84178669999892,21.841737489999286,24.891990399999486,24.891990399999486,25.357637999997678,25.357637999997678,22.37508650000018,25.857779899997695,22.391513899998245,27.16040459999931,p,1,1290.9994999972696,None,1.006,3.018,3,,,,,GLE1113,001,2024-09-09_15h41.27.648,Time estimation,2023.2.3,60.14147680998324,2024-09-09 15h41.46.973457 +0200,
,,27.187035499999183,27.207653999998,27.207653999998,28.777098999998998,space,1.551220099998318,None,,,,,,,,,,,,,,,,,,,,,,,,,GLE1113,001,2024-09-09_15h41.27.648,Time estimation,2023.2.3,60.14147680998324,2024-09-09 15h41.46.973457 +0200,
,,,,,,,,,29.7942781999991,29.906967499999155,29.83681235999102,36.33893460000036,36.33886808999996,38.53832119999788,38.53832119999788,39.02162119999775,39.02162119999775,36.9219740999979,39.52181429999837,36.972044899997854,39.7911924,w,1,266.7569999975967,None,6.559,2.1833014379757034,3.0041660239464334,,,,,GLE1113,001,2024-09-09_15h41.27.648,Time estimation,2023.2.3,60.14147680998324,2024-09-09 15h41.46.973457 +0200,
,,,,,,,,,40.851966499998525,40.97117319999961,40.91757361999189,42.52091399999699,42.52096778999949,46.003498399997625,46.003498399997625,46.47008089999872,46.47008089999872,43.170738599998,46.97004089999973,43.20421109999734,47.67159460000039,p,1,694.1851000010502,None,1.7249366746810264,3.453,2.0018126176362534,,,,,GLE1113,001,2024-09-09_15h41.27.648,Time estimation,2023.2.3,60.14147680998324,2024-09-09 15h41.46.973457 +0200,
,,,,,,,,,48.538727899998776,48.63632460000008,48.583364349991825,50.219303999998374,50.21932418999968,51.23598159999892,51.23598159999892,51.71920169999794,51.71920169999794,50.65257509999719,52.20233089999965,50.68598689999999,52.85388959999909,w,1,647.5755999999819,None,1.538631327182984,0.993,1.5494776708791378,,,,,GLE1113,001,2024-09-09_15h41.27.648,Time estimation,2023.2.3,60.14147680998324,2024-09-09 15h41.46.973457 +0200,
,,,,,,,,,53.603632799997285,53.702353499997116,53.6493183199942,55.53502589999698,55.53492918999946,57.76762339999914,57.76762339999914,58.234439399999246,58.234439399999246,55.85149929999898,58.73426180000024,55.884871099999145,59.30272459999833,p,1,551.719499999308,None,1.672,2.2041193075958025,1.3182531743994035,,,,,GLE1113,001,2024-09-09_15h41.27.648,Time estimation,2023.2.3,60.14147680998324,2024-09-09 15h41.46.973457 +0200,
,,,,,,,,,60.06962989999738,60.167347299997346,60.114755009994774,67.98241699999926,67.98232508999827,74.44795159999921,74.44795159999921,74.93111409999983,74.93111409999983,68.31591409999965,75.43104200000016,68.34903929999928,75.95001929999853,w,1,511.94939999913913,None,7.672,6.444577544220292,1.190458171595825,,,,,GLE1113,001,2024-09-09_15h41.27.648,Time estimation,2023.2.3,60.14147680998324,2024-09-09 15h41.46.973457 +0200,
,,,,,,,,,76.885801299999,76.98213639999813,76.92755100999311,84.97908019999886,84.97894098999787,93.96065520000047,93.96065520000047,94.44368249999752,94.44368249999752,85.47898119999809,94.94363399999929,85.51216129999739,95.89552980000008,w,0,949.6677999995882,None,8.023090515715706,8.956,1.1162780704588713,,,,,GLE1113,001,2024-09-09_15h41.27.648,Time estimation,2023.2.3,60.14147680998324,2024-09-09 15h41.46.973457 +0200,
,,,,,,,,,96.83170729999983,96.92652379999709,96.87341360999089,104.94174289999864,104.94180218999936,111.7237129999994,111.7237129999994,112.20686059999935,112.20686059999935,105.44179499999882,112.70682589999706,105.47491040000023,113.62501169999814,w,1,905.9367000008933,None,8.042,6.75538224851663,1.190458171595825,,,,,GLE1113,001,2024-09-09_15h41.27.648,Time estimation,2023.2.3,60.14147680998324,2024-09-09 15h41.46.973457 +0200,
,,,,,,,,,114.54151780000029,114.63982159999796,114.58659821999173,120.98841229999744,120.98832229,128.5870651999976,128.5870651999976,129.07012589999795,129.07012589999795,121.47174889999951,129.5700692999999,121.50514259999909,130.82167059999847,p,1,1243.276599998353,None,6.3614162855031635,7.573,1.190458171595825,,,,,GLE1113,001,2024-09-09_15h41.27.648,Time estimation,2023.2.3,60.14147680998324,2024-09-09 15h41.46.973457 +0200,
,,,,,,,,,131.81094119999761,131.90296139999919,131.84953997999253,133.48593609999807,133.4858669899997,135.38558699999703,135.38558699999703,135.8688117999991,135.8688117999991,134.03576389999944,136.36871070000052,134.06917880000037,137.57114359999832,w,0,1197.4923000016133,None,1.663,1.8814546547645161,1.1313617887940566,,,,,GLE1113,001,2024-09-09_15h41.27.648,Time estimation,2023.2.3,60.14147680998324,2024-09-09 15h41.46.973457 +0200,
,,,,,,,,,138.37723379999807,138.48521749999782,138.41554198999182,145.30049059999874,145.30045738999723,153.31532589999915,153.31532589999915,153.78188889999728,153.78188889999728,145.66701599999942,154.28168159999768,145.7003184999994,155.26663439999902,p,1,972.6928999989468,None,6.715061638229537,7.994,1.190458171595825,,,,,GLE1113,001,2024-09-09_15h41.27.648,Time estimation,2023.2.3,60.14147680998324,2024-09-09 15h41.46.973457 +0200,
,,,,,,,,,156.24196019999727,156.34805810000034,156.27803548999253,159.6474810999971,159.64763078999857,162.49667000000045,162.49667000000045,162.98028390000036,162.98028390000036,160.16421089999858,163.4798658999971,160.2305944999971,167.5645642999989,w,1,4076.6179999991436,None,3.37,2.8308428472396225,1.190458171595825,,,,,GLE1113,001,2024-09-09_15h41.27.648,Time estimation,2023.2.3,60.14147680998324,2024-09-09 15h41.46.973457 +0200,
,,,,,,,,,168.51691039999787,168.61213750000024,168.55900939999265,171.54499339999893,171.5449937899986,174.92735840000023,174.92735840000023,175.4110612000004,175.4110612000004,172.0616246999998,175.91064600000027,172.09488330000022,176.41272389999722,w,0,499.1131000024325,None,2.974,3.3646699598735244,1.1313617887940566,,,,,GLE1113,001,2024-09-09_15h41.27.648,Time estimation,2023.2.3,60.14147680998324,2024-09-09 15h41.46.973457 +0200,
,,,,,,,,,177.3537441999979,177.46064079999996,177.4073514999909,180.84307780000017,180.84296138999815,183.7424968999985,183.7424968999985,184.22572279999804,184.22572279999804,181.35956369999985,184.7255785999987,181.39294689999952,184.94472769999993,w,1,209.46830000320915,None,3.42732907602438,2.879,1.190458171595825,,,,,GLE1113,001,2024-09-09_15h41.27.648,Time estimation,2023.2.3,60.14147680998324,2024-09-09 15h41.46.973457 +0200,
,,,,,,,,,185.97692929999903,186.07556569999724,186.02189694999288,190.67442989999836,190.67437648999947,194.65722470000037,194.65722470000037,195.14009739999892,195.14009739999892,191.27478630000041,195.64004249999925,191.3075480999978,196.52495569999883,w,1,870.3975999997056,None,4.718,3.9631799861354713,1.190458171595825,,,,,GLE1113,001,2024-09-09_15h41.27.648,Time estimation,2023.2.3,60.14147680998324,2024-09-09 15h41.46.973457 +0200,
,,,,,,,,,197.51659219999783,197.6063611999998,197.5530206799907,203.57178999999815,203.5718592899986,208.9373959000004,208.9373959000004,209.4039935999972,209.4039935999972,204.12181479999708,209.90393869999752,204.1551116999981,210.57236099999864,w,1,665.2264999975159,None,6.039,5.337815064831828,1.1313617887940566,,,,,GLE1113,001,2024-09-09_15h41.27.648,Time estimation,2023.2.3,60.14147680998324,2024-09-09 15h41.46.973457 +0200,
,,,,,,,,,211.54937749999954,211.65359389999867,211.60030107999262,217.1690877000001,217.16908118999817,223.51809709999725,223.51809709999725,224.0008885999996,224.0008885999996,217.7355760999999,224.50095750000037,217.75235509999766,224.85265470000013,p,1,335.68169999853126,None,5.59149165426828,6.326,1.1313617887940566,,,,,GLE1113,001,2024-09-09_15h41.27.648,Time estimation,2023.2.3,60.14147680998324,2024-09-09 15h41.46.973457 +0200,
,,,,,,,,,225.879573299997,225.98391229999834,225.93049094999333,233.06605219999983,233.0659102900001,239.69818929999747,239.69818929999747,240.18128309999884,240.18128309999884,233.66596769999887,240.68107389999932,233.69919669999945,241.13283469999806,w,1,445.2458999985538,None,7.208,6.604923887800809,1.091307049474569,,,,,GLE1113,001,2024-09-09_15h41.27.648,Time estimation,2023.2.3,60.14147680998324,2024-09-09 15h41.46.973457 +0200,
,,,,,,,,,242.0896937999969,242.18082890000005,242.12746229999175,244.94693159999952,244.94685488999784,248.02958489999946,248.02958489999946,248.49607399999877,248.49607399999877,245.44679729999916,248.99596839999867,245.49673669999902,249.53101559999777,w,0,524.6642999991309,None,2.803,3.0589336596772165,1.091307049474569,,,,,GLE1113,001,2024-09-09_15h41.27.648,Time estimation,2023.2.3,60.14147680998324,2024-09-09 15h41.46.973457 +0200,
,,,,,,,,,250.58832880000045,250.67890609999813,250.6254363399923,257.1444706999973,257.1444399900003,263.0098227999988,263.0098227999988,263.49308419999943,263.49308419999943,257.76098379999894,263.99301039999773,257.79426949999834,264.1947330999974,w,1,185.7573000015691,None,6.612,5.844284353149205,1.1313617887940566,,,,,GLE1113,001,2024-09-09_15h41.27.648,Time estimation,2023.2.3,60.14147680998324,2024-09-09 15h41.46.973457 +0200,
,,,,,,,,,265.124511799997,265.22608089999994,265.17290900999325,270.741791299999,270.741643489998,277.0404180000005,277.0404180000005,277.50710679999975,277.50710679999975,271.24147939999966,278.00684329999785,271.27495780000027,279.0090315999987,w,0,999.7733000018343,None,5.539342111492146,6.267,1.1313617887940566,,,,,GLE1113,001,2024-09-09_15h41.27.648,Time estimation,2023.2.3,60.14147680998324,2024-09-09 15h41.46.973457 +0200,
,,,,,,,,,279.9796205999992,280.0731492999985,280.019881789992,286.1719317999996,286.1719013899976,293.5203139999976,293.5203139999976,294.00356869999814,294.00356869999814,286.7050175999975,294.5034682999976,286.7383919999993,296.1719680999995,w,0,1665.841599999112,None,6.156453183210443,7.329,1.190458171595825,,,,,GLE1113,001,2024-09-09_15h41.27.648,Time estimation,2023.2.3,60.14147680998324,2024-09-09 15h41.46.973457 +0200,
,,,,,,,,,297.11641809999855,297.21970650000003,297.1664048999919,301.33547650000037,301.335467889997,306.6678092000002,306.6678092000002,307.1343519000002,307.1343519000002,301.83541069999774,307.6343420999983,301.8687374999972,308.85313920000044,w,0,1209.1972999987775,None,4.150148714247608,5.309,1.2792312674902502,,,,,GLE1113,001,2024-09-09_15h41.27.648,Time estimation,2023.2.3,60.14147680998324,2024-09-09 15h41.46.973457 +0200,
,,,,,,,,,309.7868213999973,309.88377649999893,309.8307488099916,316.2493417000005,316.2491723899995,320.78159869999945,320.78159869999945,321.24811620000037,321.24811620000037,316.7323768999995,321.74848310000016,316.7658042999974,322.2170574999982,w,1,458.51219999894965,None,6.382,4.506996581572584,1.4160205991931745,,,,,GLE1113,001,2024-09-09_15h41.27.648,Time estimation,2023.2.3,60.14147680998324,2024-09-09 15h41.46.973457 +0200,
,,,,,,,,,323.1563133999989,323.248509699999,323.1946823099923,323.797874099997,323.79756629,324.63072889999967,324.63072889999967,325.09739609999815,325.09739609999815,324.2808522999985,325.59724149999965,324.3309345999987,328.4325680999973,w,0,2829.9994000008155,None,0.567,0.8028836797425298,1.4160205991931745,,,,,GLE1113,001,2024-09-09_15h41.27.648,Time estimation,2023.2.3,60.14147680998324,2024-09-09 15h41.46.973457 +0200,
,,,,,,,,,329.2181571999972,329.31304549999913,329.26041379999515,332.3127511999992,332.31261749000004,337.0282840999971,337.0282840999971,337.51148629999807,337.51148629999807,332.6624903999982,338.0114547999983,332.69618919999994,339.6962291999989,p,1,1669.5709000014176,None,2.872,4.6943544344289645,1.63452452452262,,,,,GLE1113,001,2024-09-09_15h41.27.648,Time estimation,2023.2.3,60.14147680998324,2024-09-09 15h41.46.973457 +0200,
,,,,,,,,,340.61744819999876,340.7109590999971,340.65779421999247,344.3769141999983,344.37685008999796,346.6430165999991,346.6430165999991,347.12629319999905,347.12629319999905,344.8768779999991,347.6261760999987,344.89347449999696,349.0110136000003,p,0,1368.7510999989172,None,3.676045655651373,2.249,1.63452452452262,,,,,GLE1113,001,2024-09-09_15h41.27.648,Time estimation,2023.2.3,60.14147680998324,2024-09-09 15h41.46.973457 +0200,
,,,,,,,,,349.9500146999999,350.04309680000006,349.9891988099942,351.7753531999988,351.7753343899978,355.3082456999982,355.3082456999982,355.7746946999978,355.7746946999978,352.25852680000025,356.2744944999977,352.30856739999945,356.80953020000015,w,0,520.4010999987077,None,1.75,3.5031720808634432,2.0018126176362534,,,,,GLE1113,001,2024-09-09_15h41.27.648,Time estimation,2023.2.3,60.14147680998324,2024-09-09 15h41.46.973457 +0200,
,,,,,,,,,357.70619669999724,357.80754700000034,357.754513329994,363.5562833999975,363.55625198999877,365.7392758999995,365.7392758999995,366.2058806999994,366.2058806999994,364.0061399999977,366.70583089999855,364.05617229999916,367.440617799999,w,1,722.4777000010363,None,5.735,2.1515999294646653,2.66545835099879,,,,,GLE1113,001,2024-09-09_15h41.27.648,Time estimation,2023.2.3,60.14147680998324,2024-09-09 15h41.46.973457 +0200,
,,,,,,,,,368.39108080000005,368.48863009999695,368.4354488999925,370.6549245999995,370.65492158999876,376.5535901000003,376.5535901000003,377.02018979999775,377.02018979999775,371.15485719999924,377.520214199998,371.2049191999977,380.9545182999973,w,0,3417.7036000000953,None,2.202,5.869339288899336,2.66545835099879,,,,,GLE1113,001,2024-09-09_15h41.27.648,Time estimation,2023.2.3,60.14147680998324,2024-09-09 15h41.46.973457 +0200,
,,,,,,,,,381.88840869999694,381.98602609999944,381.93270560999264,387.8680938999969,387.86805868999835,389.8680213999978,389.8680213999978,390.33440269999846,390.33440269999846,388.36790370000017,390.8341865000002,388.4012546999984,392.086016199999,w,1,1243.2565000017348,None,5.911,1.967600975739348,3.0041660239464334,,,,,GLE1113,001,2024-09-09_15h41.27.648,Time estimation,2023.2.3,60.14147680998324,2024-09-09 15h41.46.973457 +0200,
,,,,,,,,,393.01354419999916,393.1172579999984,393.0639242099922,402.03201609999815,402.03189259000027,405.03134529999807,405.03134529999807,405.5145205999979,405.5145205999979,402.5316929999972,406.01448569999775,402.56539749999865,407.1994395999973,w,1,1172.7533000012045,None,8.943402253288532,2.977,3.0041660239464334,,,,,GLE1113,001,2024-09-09_15h41.27.648,Time estimation,2023.2.3,60.14147680998324,2024-09-09 15h41.46.973457 +0200,
,,,,,,,,,408.1587409999993,408.26411929999813,408.21077108999197,411.5966303999994,411.59654918999985,418.99529549999716,418.99529549999716,419.47847479999837,419.47847479999837,412.14661459999843,419.9783287999999,412.16318559999854,424.1128067999998,w,0,4123.110000000452,None,3.3868414630433863,7.379,2.178726131860124,,,,,GLE1113,001,2024-09-09_15h41.27.648,Time estimation,2023.2.3,60.14147680998324,2024-09-09 15h41.46.973457 +0200,
,,,,,,,,,425.08508979999897,425.1940380999986,425.1406739799917,428.55990799999927,428.5598751899972,429.7266505999978,429.7266505999978,430.19304139999804,430.19304139999804,429.0932388000001,430.69282229999953,429.1433698999972,431.82772399999885,w,1,1119.853800002602,None,3.436,1.1437450435866012,3.0041660239464334,,,,,GLE1113,001,2024-09-09_15h41.27.648,Time estimation,2023.2.3,60.14147680998324,2024-09-09 15h41.46.973457 +0200,
,,,,,,,,,,,,,,,,,,,,,,,,,,,,,431.82781089999844,431.84254990000045,434.84203720000005,434.82630829999835,,,,,,,,
