thisRow.t,notes,Instruction.started,text.started,key_resp_2.started,Instruction.stopped,key_resp_2.keys,key_resp_2.rt,key_resp_2.duration,TRIAL.started,item1.started,sound_1.started,item2.started,sound_2.started,item1.stopped,sound_1.stopped,item2.stopped,sound_2.stopped,image_L.started,image_R.started,key_resp.started,TRIAL.stopped,key_resp.keys,key_resp.corr,key_resp.rt,key_resp.duration,xLength1,xLength2,ratio,End.started,text_2.started,text_2.stopped,End.stopped,participant,session,date,expName,psychopyVersion,frameRate,expStart,
,,0.010181999998167157,0.013526399969123304,0.013526399969123304,24.31928130000597,space,24.302252399967983,None,,,,,,,,,,,,,,,,,,,,,,,,,LFA616,001,2025-01-14_11h03.15.305,Time estimation,2023.2.3,60.04812256135198,2025-01-14 11h03.30.434296 +0100,
,,,,,,,,,24.821144499990623,24.8541820999817,24.849518799968067,26.635893300001044,26.63475834996789,26.67473719996633,26.67473719996633,30.574788099969737,30.574788099969737,31.052898499998264,31.052898499998264,31.55213869997533,33.73619949998101,p,1,2174.061800003983,None,1.308,3.924,3,,,,,LFA616,001,2025-01-14_11h03.15.305,Time estimation,2023.2.3,60.04812256135198,2025-01-14 11h03.30.434296 +0100,
,,,,,,,,,33.9524906000006,33.976665399968624,33.967033100000116,35.83446759998333,35.83418885000865,35.61625029996503,35.61315739998827,39.14468199998373,39.14468199998373,39.635981799976435,39.635981799976435,40.13448070001323,40.33562069997424,p,1,192.26859998889267,None,1.0966666666666667,3.29,3,,,,,LFA616,001,2025-01-14_11h03.15.305,Time estimation,2023.2.3,60.04812256135198,2025-01-14 11h03.30.434296 +0100,
,,,,,,,,,40.56006529997103,40.58341149997432,40.58355234996998,45.35069819999626,45.350508049997735,45.10374679998495,45.10374679998495,46.738225499982946,46.738225499982946,47.185400199959986,47.185400199959986,47.68401249998715,50.0192851999891,w,1,2330.0067000091076,None,4.009,1.3363333333333334,3,,,,,LFA616,001,2025-01-14_11h03.15.305,Time estimation,2023.2.3,60.04812256135198,2025-01-14 11h03.30.434296 +0100,
,,50.02660169999581,50.033634799998254,50.033634799998254,54.6510187999811,space,4.6099138999707066,None,,,,,,,,,,,,,,,,,,,,,,,,,LFA616,001,2025-01-14_11h03.15.305,Time estimation,2023.2.3,60.04812256135198,2025-01-14 11h03.30.434296 +0100,
,,,,,,,,,54.87432239996269,54.89727610000409,54.898948949965416,60.41660170000978,60.41642394998926,60.14962460001698,60.17442100000335,62.045374499983154,62.045374499983154,62.501508499961346,62.501508499961346,63.00010070001008,63.11749370000325,w,1,114.47099997894838,None,4.752590649883258,1.582,3.0041660239464334,,,,,LFA616,001,2025-01-14_11h03.15.305,Time estimation,2023.2.3,60.04812256135198,2025-01-14 11h03.30.434296 +0100,
,,,,,,,,,63.33529159997124,63.355566399986856,63.348904299992135,69.83282429998508,69.83279914996237,69.58263749995967,69.56613789999392,72.70394589996431,72.70394589996431,73.18406729999697,73.18406729999697,73.68260770000052,73.8176017999649,w,1,121.16400001104921,None,5.712,2.8534139257972844,2.0018126176362534,,,,,LFA616,001,2025-01-14_11h03.15.305,Time estimation,2023.2.3,60.04812256135198,2025-01-14 11h03.30.434296 +0100,
,,,,,,,,,74.04475319996709,74.06679399998393,74.06540674998541,80.61553229996935,80.6151556500059,80.37421149999136,80.37421149999136,84.37463649996789,84.37463649996789,84.85007719998248,84.85007719998248,85.34882790001575,87.23321330000181,w,1,1871.5477000223473,None,5.793,3.7386792393808332,1.5494776708791378,,,,,LFA616,001,2025-01-14_11h03.15.305,Time estimation,2023.2.3,60.04812256135198,2025-01-14 11h03.30.434296 +0100,
,,,,,,,,,87.45045989996288,87.47223129996564,87.46465730001218,91.88161809998564,91.88130195001722,91.61459149996517,91.61459149996517,94.65438989998074,94.65438989998074,95.13284400000703,95.13284400000703,95.63165629998548,95.83281009999337,w,1,188.67890001274645,None,3.637060508167954,2.759,1.3182531743994035,,,,,LFA616,001,2025-01-14_11h03.15.305,Time estimation,2023.2.3,60.04812256135198,2025-01-14 11h03.30.434296 +0100,
,,,,,,,,,96.0505458000116,96.07119990000501,96.06416290000779,97.43140529998345,97.43094335001078,97.16433140001027,97.15439440001501,98.13444769999478,98.13444769999478,98.61589640000602,98.61589640000602,99.1147270000074,99.43282019998878,w,0,316.67029997333884,None,0.585,0.6964180303835575,1.190458171595825,,,,,LFA616,001,2025-01-14_11h03.15.305,Time estimation,2023.2.3,60.04812256135198,2025-01-14 11h03.30.434296 +0100,
,,,,,,,,,99.64919620001456,99.67102850001538,99.6639636999811,104.58107690000907,104.58083884999505,104.31417799997143,104.31417799997143,110.0536323999986,110.0536323999986,110.53209180000704,110.53209180000704,111.03094159998,111.91503889998421,p,1,875.0026999623515,None,4.138051859791879,5.455,1.3182531743994035,,,,,LFA616,001,2025-01-14_11h03.15.305,Time estimation,2023.2.3,60.04812256135198,2025-01-14 11h03.30.434296 +0100,
,,,,,,,,,112.14486469997792,112.17000539996661,112.16308704999392,115.98011730000144,115.9800394499849,115.73414909996791,115.73414909996791,118.3239828000078,118.3239828000078,118.81492879998405,118.81492879998405,119.31376350001665,120.73134990001563,w,1,1401.9157000002451,None,3.060983870955415,2.322,1.3182531743994035,,,,,LFA616,001,2025-01-14_11h03.15.305,Time estimation,2023.2.3,60.04812256135198,2025-01-14 11h03.30.434296 +0100,
,,,,,,,,,120.95182999997633,120.97365469997749,120.97934694998548,124.17990669998107,124.18003754998207,123.91320419998374,123.929681300011,127.14624899998307,127.14624899998307,127.64795710000908,127.64795710000908,128.14675569999963,130.93096239998704,p,1,2781.212500005495,None,2.44,2.9671704089033075,1.2160534462718473,,,,,LFA616,001,2025-01-14_11h03.15.305,Time estimation,2023.2.3,60.04812256135198,2025-01-14 11h03.30.434296 +0100,
,,,,,,,,,131.150765999977,131.17316309997113,131.178658549994,135.7625885999878,135.762271350011,135.49597619997803,135.52446779998718,140.4247500000056,140.4247500000056,140.91392680001445,140.91392680001445,141.41278899996541,141.89725400001043,p,1,471.94540000054985,None,3.822200425688317,4.648,1.2160534462718473,,,,,LFA616,001,2025-01-14_11h03.15.305,Time estimation,2023.2.3,60.04812256135198,2025-01-14 11h03.30.434296 +0100,
,,,,,,,,,142.1191188999801,142.14005519996863,142.14503854999202,151.1952198999934,151.19503394996863,150.95368909998797,150.95368909998797,158.4339636999648,158.4339636999648,158.92977429996245,158.92977429996245,159.4283024999895,159.91262720001396,w,1,472.644500026945,None,8.297,7.224024505800808,1.1485287727550766,,,,,LFA616,001,2025-01-14_11h03.15.305,Time estimation,2023.2.3,60.04812256135198,2025-01-14 11h03.30.434296 +0100,
,,,,,,,,,160.13628599996446,160.15858559997287,160.16064554997138,169.79428819997702,169.79382364998455,169.52733379998244,169.54430289997254,177.5298106999835,177.5298106999835,178.01187300001038,178.01187300001038,178.5106157999835,181.99479139997857,w,1,3480.1967999665067,None,8.87,7.722923631005563,1.1485287727550766,,,,,LFA616,001,2025-01-14_11h03.15.305,Time estimation,2023.2.3,60.04812256135198,2025-01-14 11h03.30.434296 +0100,
,,,,,,,,,182.22452930000145,182.24516250001034,182.24270874998183,184.9599373000092,184.9598422499781,184.70997179998085,184.704641099961,187.12632639997173,187.12632639997173,187.6116064999951,187.6116064999951,188.110354000004,190.49428199999966,p,1,2370.301400020253,None,1.951,2.1519613128455406,1.1030042608126809,,,,,LFA616,001,2025-01-14_11h03.15.305,Time estimation,2023.2.3,60.04812256135198,2025-01-14 11h03.30.434296 +0100,
,,,,,,,,,190.7010001000017,190.72277200000826,190.72568139996147,193.14305660000537,193.14258754997863,192.85949860000983,192.87598640000215,194.9654267000151,194.9654267000151,195.44437209999887,195.44437209999887,195.94323629996506,200.6779061999987,w,0,4733.370899979491,None,1.637,1.8056179749503587,1.1030042608126809,,,,,LFA616,001,2025-01-14_11h03.15.305,Time estimation,2023.2.3,60.04812256135198,2025-01-14 11h03.30.434296 +0100,
,,,,,,,,,200.90406989998883,200.92507789999945,200.9252547499782,206.62577939999755,206.62533994996338,206.37543309998,206.37543309998,212.31462149997242,212.31462149997242,212.79359029995976,212.79359029995976,213.29232209996553,213.39407519996166,p,1,94.03849998489022,None,4.938491864155981,5.672,1.1485287727550766,,,,,LFA616,001,2025-01-14_11h03.15.305,Time estimation,2023.2.3,60.04812256135198,2025-01-14 11h03.30.434296 +0100,
,,,,,,,,,213.61091240000678,213.63263130001724,213.62510159999366,223.07473429996753,223.07450694997678,222.81502739997813,222.81502739997813,230.6349232000066,230.6349232000066,231.12583059997996,231.12583059997996,231.62450289999833,233.09213999996427,w,1,1464.066200016532,None,8.671,7.549658489791346,1.1485287727550766,,,,,LFA616,001,2025-01-14_11h03.15.305,Time estimation,2023.2.3,60.04812256135198,2025-01-14 11h03.30.434296 +0100,
,,,,,,,,,233.31609769997885,233.33891240000958,233.3399358499737,242.17408799997065,242.1746148499602,241.92405239999061,241.92405239999061,251.09468639997067,251.09468639997067,251.57468929997412,251.57468929997412,252.07365559996106,261.5747021000134,p,1,9483.911699964665,None,8.073404896404387,8.905,1.1030042608126809,,,,,LFA616,001,2025-01-14_11h03.15.305,Time estimation,2023.2.3,60.04812256135198,2025-01-14 11h03.30.434296 +0100,
,,,,,,,,,261.80354280001484,261.82427859999007,261.82238344996586,267.7892860000138,267.7888317499834,267.5244096000097,267.5244096000097,272.51358899998013,272.51358899998013,272.99042469996493,272.99042469996493,273.489263299969,274.5569506000029,w,1,1057.970599969849,None,5.199,4.713490404986683,1.1030042608126809,,,,,LFA616,001,2025-01-14_11h03.15.305,Time estimation,2023.2.3,60.04812256135198,2025-01-14 11h03.30.434296 +0100,
,,,,,,,,,274.77814800001215,274.7990947999642,274.804731250013,281.48847959999694,281.48830545000385,281.2383050000062,281.2383050000062,287.02483109995956,287.02483109995956,287.52290360000916,287.52290360000916,288.0215520999627,289.5564278999809,p,0,1529.7846000175923,None,5.929,5.531451490836097,1.0718705587172768,,,,,LFA616,001,2025-01-14_11h03.15.305,Time estimation,2023.2.3,60.04812256135198,2025-01-14 11h03.30.434296 +0100,
,,,,,,,,,289.77140949998284,289.7922466999735,289.7873272999772,296.83776969998144,296.83726125000396,296.5751703999704,296.5751703999704,302.54421469999943,302.54421469999943,303.022310499975,303.022310499975,303.5208401000127,304.9388139999937,w,1,1409.8256000434048,None,6.275,5.689007942160307,1.1030042608126809,,,,,LFA616,001,2025-01-14_11h03.15.305,Time estimation,2023.2.3,60.04812256135198,2025-01-14 11h03.30.434296 +0100,
,,,,,,,,,305.16400389996124,305.1854785999749,305.1864541499817,307.65368250000756,307.65353994996406,307.4145586999948,307.4145586999948,309.2239857999957,309.2239857999957,309.72180619998835,309.72180619998835,310.2207396000158,310.6384173000115,w,1,414.1611999948509,None,1.7140686213029062,1.554,1.1030042608126809,,,,,LFA616,001,2025-01-14_11h03.15.305,Time estimation,2023.2.3,60.04812256135198,2025-01-14 11h03.30.434296 +0100,
,,,,,,,,,310.84339130000444,310.86402049998287,310.86956180001147,314.50346500001615,314.50302855000484,314.21996249997756,314.2439323000144,317.5945025999681,317.5945025999681,318.0547762999777,318.0547762999777,318.55362789996434,322.6047243999783,p,1,4038.140300021041,None,2.853,3.058046704020391,1.0718705587172768,,,,,LFA616,001,2025-01-14_11h03.15.305,Time estimation,2023.2.3,60.04812256135198,2025-01-14 11h03.30.434296 +0100,
,,,,,,,,,322.8252148000174,322.8459751000046,322.8523350499745,326.98588300001575,326.985732249968,326.7192328000092,326.7451412999653,330.61386899999343,330.61386899999343,331.0875127000036,331.0875127000036,331.58594379998976,334.12083540001186,w,0,2533.39669998968,None,3.368876932604005,3.611,1.0718705587172768,,,,,LFA616,001,2025-01-14_11h03.15.305,Time estimation,2023.2.3,60.04812256135198,2025-01-14 11h03.30.434296 +0100,
,,,,,,,,,334.3422305000131,334.363323699974,334.3684320500179,339.66880429995945,339.6686950499949,339.40386409999337,339.40386409999337,344.66829229996074,344.66829229996074,345.1534781999653,345.1534781999653,345.6522820999962,346.5533448999631,p,1,890.7957999617793,None,4.532167442686752,4.999,1.1030042608126809,,,,,LFA616,001,2025-01-14_11h03.15.305,Time estimation,2023.2.3,60.04812256135198,2025-01-14 11h03.30.434296 +0100,
,,,,,,,,,346.7793663999764,346.8000708000036,346.80119095000555,355.6344245999935,355.63427104998266,355.37454369995976,355.37454369995976,364.54408610000974,364.54408610000974,365.0353597999783,365.0353597999783,365.5177893000073,365.56871319998754,p,1,44.486000027973205,None,8.067058592723889,8.898,1.1030042608126809,,,,,LFA616,001,2025-01-14_11h03.15.305,Time estimation,2023.2.3,60.04812256135198,2025-01-14 11h03.30.434296 +0100,
,,,,,,,,,365.79267599998275,365.81372679997,365.81660424996517,373.583538100007,373.5834030499624,373.3441865000059,373.3441865000059,380.13441519998014,380.13441519998014,380.61807319999207,380.61807319999207,381.116797900002,381.4848573000054,p,0,359.764399996493,None,7.006,6.536236995243328,1.0718705587172768,,,,,LFA616,001,2025-01-14_11h03.15.305,Time estimation,2023.2.3,60.04812256135198,2025-01-14 11h03.30.434296 +0100,
,,,,,,,,,381.71916069998406,381.7397367999656,381.73266675000195,383.2330600999994,383.2329005500011,382.9845777999726,382.9845777999726,384.0661533999955,384.0661533999955,384.5515565999667,384.5515565999667,385.049957500014,385.91783509997185,w,0,853.7375000305474,None,0.742,0.8184291615230092,1.1030042608126809,,,,,LFA616,001,2025-01-14_11h03.15.305,Time estimation,2023.2.3,60.04812256135198,2025-01-14 11h03.30.434296 +0100,
,,,,,,,,,386.1516860999982,386.17552599997725,386.1656440499646,392.2494454999687,392.24918984999533,392.01596659998177,392.0047648999607,396.93910289998166,396.93910289998166,397.3836801999714,397.3836801999714,397.8826301000081,398.80088900000555,w,1,917.080299986992,None,5.326,4.637236895009654,1.1485287727550766,,,,,LFA616,001,2025-01-14_11h03.15.305,Time estimation,2023.2.3,60.04812256135198,2025-01-14 11h03.30.434296 +0100,
,,,,,,,,,399.0266796000069,399.0497718999977,399.0484485499619,403.4987115999684,403.49853315000075,403.2549124999787,403.2549124999787,406.71501129999524,406.71501129999524,407.21682440000586,407.21682440000586,407.71541639999487,409.44990289997077,p,0,1721.659799979534,None,3.689,3.211935205724862,1.1485287727550766,,,,,LFA616,001,2025-01-14_11h03.15.305,Time estimation,2023.2.3,60.04812256135198,2025-01-14 11h03.30.434296 +0100,
,,,,,,,,,409.6813898999826,409.7013110999833,409.69772294998984,411.8648599999724,411.86472324997305,411.62510209996253,411.62510209996253,413.60977929999353,413.60977929999353,414.08306239999365,414.08306239999365,414.5817132999655,414.9829172999598,w,0,384.362599987071,None,1.413,1.7182835195821202,1.2160534462718473,,,,,LFA616,001,2025-01-14_11h03.15.305,Time estimation,2023.2.3,60.04812256135198,2025-01-14 11h03.30.434296 +0100,
,,,,,,,,,415.191659300006,415.2149909000145,415.2141441000044,418.6312245000154,418.6310469499964,418.37411739997333,418.37411739997333,422.1241264999844,422.1241264999844,422.61586779996287,422.61586779996287,423.11474029999226,423.2993388999603,p,1,175.64020003192127,None,2.64,3.480188380414426,1.3182531743994037,,,,,LFA616,001,2025-01-14_11h03.15.305,Time estimation,2023.2.3,60.04812256135198,2025-01-14 11h03.30.434296 +0100,
,,,,,,,,,423.5186735999887,423.5417813999811,423.54701045001275,425.44765129999723,425.4473934500071,425.1974237000104,425.1974237000104,426.9742488999618,426.9742488999618,427.46570800000336,427.46570800000336,427.96429229999194,428.315488799999,w,0,341.62610000930727,None,1.147,1.512036391036116,1.3182531743994037,,,,,LFA616,001,2025-01-14_11h03.15.305,Time estimation,2023.2.3,60.04812256135198,2025-01-14 11h03.30.434296 +0100,
,,,,,,,,,428.55957390001277,428.5802563999896,428.5800735000172,437.4969078999711,437.49663614999156,437.26803019997897,437.26803019997897,443.03259680001065,443.03259680001065,443.5313964000088,443.5313964000088,444.03014230000554,444.0645518999663,w,1,28.369400009978563,None,8.174,5.532632029388205,1.4774161658648886,,,,,LFA616,001,2025-01-14_11h03.15.305,Time estimation,2023.2.3,60.04812256135198,2025-01-14 11h03.30.434296 +0100,
,,,,,,,,,444.3183575000148,444.3404164999956,444.34569735000264,448.54680159996497,448.5461903499614,448.33431639999617,448.33431639999617,450.9150831999723,450.9150831999723,451.4144362999941,451.4144362999941,451.9132510999916,454.0308978999965,w,1,2107.6282000285573,None,3.4822699029435427,2.357,1.4774161658648886,,,,,LFA616,001,2025-01-14_11h03.15.305,Time estimation,2023.2.3,60.04812256135198,2025-01-14 11h03.30.434296 +0100,
,,,,,,,,,,,,,,,,,,,,,,,,,,,,,454.03093810001155,454.0458217000123,457.0459264999954,457.02976399997715,,,,,,,,
