thisRow.t,notes,Instruction.started,text.started,key_resp_2.started,Instruction.stopped,key_resp_2.keys,key_resp_2.rt,key_resp_2.duration,TRIAL.started,item1.started,sound_1.started,item2.started,sound_2.started,sound_1.stopped,item1.stopped,item2.stopped,sound_2.stopped,image_L.started,image_R.started,key_resp.started,TRIAL.stopped,key_resp.keys,key_resp.corr,key_resp.rt,key_resp.duration,xLength1,xLength2,ratio,End.started,text_2.started,text_2.stopped,End.stopped,participant,session,date,expName,psychopyVersion,frameRate,expStart,
,,0.07423789999995734,0.10689529999990555,0.10689529999990555,4.591112199999998,space,4.481096600000001,None,,,,,,,,,,,,,,,,,,,,,,,,,prova_3,001,2024-09-08_15h01.16.067,Time estimation,2023.2.3,60.18799117162844,2024-09-08 15h01.32.222053 +0200,
,,,,,,,,,6.86389609999992,6.972021899999959,6.906490899999721,7.172616500000004,7.172048899999981,9.005032599999936,9.055246999999895,11.93771199999992,11.93771199999992,12.40437279999992,12.40437279999992,12.90426859999991,12.973133799999914,p,1,62.04679999996188,None,1.578,4.734,3,,,,,prova_3,001,2024-09-08_15h01.16.067,Time estimation,2023.2.3,60.18799117162844,2024-09-08 15h01.32.222053 +0200,
,,,,,,,,,13.623154099999965,13.72086779999995,13.671080399999916,18.486572799999976,18.48662489999997,18.71996029999991,18.73663829999998,20.019410300000004,20.019410300000004,20.48590559999991,20.48590559999991,20.98597129999996,24.254027199999996,w,1,3250.7461999999805,None,4.5089999999999995,1.503,3,,,,,prova_3,001,2024-09-08_15h01.16.067,Time estimation,2023.2.3,60.18799117162844,2024-09-08 15h01.32.222053 +0200,
,,,,,,,,,25.159601299999963,25.251668499999937,25.20225589999982,26.451384499999904,26.451440999999978,26.917955399999983,26.951255699999933,30.0507098999999,30.0507098999999,30.5173524999999,30.5173524999999,31.017258699999957,31.1361316,p,1,116.58730000010564,None,1.19,3.57,3,,,,,prova_3,001,2024-09-08_15h01.16.067,Time estimation,2023.2.3,60.18799117162844,2024-09-08 15h01.32.222053 +0200,
,,31.16168929999992,31.183875299999954,31.183875299999954,33.08530259999998,space,1.894845000000032,None,,,,,,,,,,,,,,,,,,,,,,,,,prova_3,001,2024-09-08_15h01.16.067,Time estimation,2023.2.3,60.18799117162844,2024-09-08 15h01.32.222053 +0200,
,,,,,,,,,33.989840399999935,34.0999986999999,34.033772699999844,35.43286079999996,35.432902799999894,35.899444299999914,35.94941869999991,39.48213659999999,39.48213659999999,39.96524599999998,39.96524599999998,40.46531069999992,41.15120109999998,p,1,681.2304999999697,None,1.3421362094706566,4.032,3.0041660239464334,,,,,prova_3,001,2024-09-08_15h01.16.067,Time estimation,2023.2.3,60.18799117162844,2024-09-08 15h01.32.222053 +0200,
,,,,,,,,,42.09257339999999,42.1826896,42.13206989999987,42.91466259999993,42.914936499999996,43.39796279999996,43.43129269999997,44.43124759999989,44.43124759999989,44.91430989999992,44.91430989999992,45.41414539999994,45.49935069999992,p,1,75.85829999993621,None,0.749,1.4993576506095538,2.0018126176362534,,,,,prova_3,001,2024-09-08_15h01.16.067,Time estimation,2023.2.3,60.18799117162844,2024-09-08 15h01.32.222053 +0200,
,,,,,,,,,46.1607037,46.264040799999975,46.1977466999999,48.846779699999956,48.8468067999999,49.0634121999999,49.11350649999997,52.512926300000004,52.512926300000004,52.99593329999993,52.99593329999993,53.495869099999936,53.69756899999993,w,0,184.98680000004697,None,2.347,3.6366240935533365,1.5494776708791378,,,,,prova_3,001,2024-09-08_15h01.16.067,Time estimation,2023.2.3,60.18799117162844,2024-09-08 15h01.32.222053 +0200,
,,,,,,,,,54.650734899999975,54.74557719999996,54.69610669999986,57.37836539999989,57.37835009999996,57.894836799999894,57.92833829999995,62.74396879999995,62.74396879999995,63.22717049999994,63.22717049999994,63.727160599999934,67.07826619999992,p,1,3344.4319999999834,None,2.670080082875785,5.345,2.0018126176362534,,,,,prova_3,001,2024-09-08_15h01.16.067,Time estimation,2023.2.3,60.18799117162844,2024-09-08 15h01.32.222053 +0200,
,,,,,,,,,67.97990359999994,68.07637089999992,68.0267365999998,69.65916219999997,69.65917699999993,70.10913249999999,70.14238719999992,72.8251957,72.8251957,73.29174949999992,73.29174949999992,73.79165719999992,73.8267899,w,0,23.16269999994347,None,1.5660806472994548,3.135,2.0018126176362534,,,,,prova_3,001,2024-09-08_15h01.16.067,Time estimation,2023.2.3,60.18799117162844,2024-09-08 15h01.32.222053 +0200,
,,,,,,,,,74.5516181999999,74.65821659999995,74.59195699999991,78.85742219999997,78.85730629999993,79.15728539999998,79.19055189999995,80.22368749999998,80.22368749999998,80.70691319999992,80.70691319999992,81.20681439999998,81.24212539999996,p,0,25.69010000001981,None,4.028586638112167,1.341,3.0041660239464334,,,,,prova_3,001,2024-09-08_15h01.16.067,Time estimation,2023.2.3,60.18799117162844,2024-09-08 15h01.32.222053 +0200,
,,,,,,,,,82.00454679999996,82.10676039999998,82.04044709999984,86.37245799999994,86.3725048999999,86.68902319999995,86.73913039999991,87.77201939999998,87.77201939999998,88.23877849999997,88.23877849999997,88.73885109999992,93.59001919999992,p,0,4849.2365999999265,None,4.11871161883056,1.371,3.0041660239464334,,,,,prova_3,001,2024-09-08_15h01.16.067,Time estimation,2023.2.3,60.18799117162844,2024-09-08 15h01.32.222053 +0200,
,,,,,,,,,94.58267109999997,94.68771789999994,94.62143179999984,100.1529867999999,100.153115,100.71957299999997,100.75286799999992,102.0192196999999,102.0192196999999,102.5024623999999,102.5024623999999,103.00232979999998,103.08798789999992,w,1,83.1801000000496,None,5.552,1.8481002566917373,3.0041660239464334,,,,,prova_3,001,2024-09-08_15h01.16.067,Time estimation,2023.2.3,60.18799117162844,2024-09-08 15h01.32.222053 +0200,
,,,,,,,,,104.0119739999999,104.11893479999992,104.05266879999978,112.18391899999995,112.18385929999992,112.66704829999992,112.71700669999996,114.89990829999999,114.89990829999999,115.38311249999992,115.38311249999992,115.88310349999995,121.56700469999998,w,1,5667.1354000000065,None,8.088,2.692261324950067,3.0041660239464334,,,,,prova_3,001,2024-09-08_15h01.16.067,Time estimation,2023.2.3,60.18799117162844,2024-09-08 15h01.32.222053 +0200,
,,,,,,,,,122.49777139999992,122.59845839999991,122.54888539999986,131.0465658999999,131.0465941999999,131.54647549999993,131.5798587999999,134.96248839999998,134.96248839999998,135.44577879999997,135.44577879999997,135.94556089999992,136.0305901999999,w,1,67.51000000008389,None,8.478,3.8912646596668696,2.178726131860124,,,,,prova_3,001,2024-09-08_15h01.16.067,Time estimation,2023.2.3,60.18799117162844,2024-09-08 15h01.32.222053 +0200,
,,,,,,,,,136.9651485999999,137.0620341,137.01248849999988,139.59484229999998,139.5948335,140.0949182999999,140.12808629999995,145.19367219999992,145.19367219999992,145.67693899999995,145.67693899999995,146.17686179999998,146.24560009999993,p,1,66.20650000002115,None,2.5620475737509394,5.582,2.178726131860124,,,,,prova_3,001,2024-09-08_15h01.16.067,Time estimation,2023.2.3,60.18799117162844,2024-09-08 15h01.32.222053 +0200,
,,,,,,,,,147.19204309999998,147.2933817999999,147.2438011999999,150.9591784999999,150.9591481999999,151.4757055,151.5091766999999,153.1253423999999,153.1253423999999,153.59194679999996,153.59194679999996,154.09187809999992,154.41087599999992,w,1,315.0439000000915,None,3.704,2.134233060280935,1.7355180504571663,,,,,prova_3,001,2024-09-08_15h01.16.067,Time estimation,2023.2.3,60.18799117162844,2024-09-08 15h01.32.222053 +0200,
,,,,,,,,,155.46054989999993,155.5582874999999,155.50919629999981,163.65654099999995,163.65658509999997,164.27313559999993,164.30643969999994,168.4221167999999,168.4221167999999,168.90548159999992,168.90548159999992,169.40535019999993,171.6903210999999,w,1,2276.2467000000015,None,8.238,4.74670948990128,1.7355180504571663,,,,,prova_3,001,2024-09-08_15h01.16.067,Time estimation,2023.2.3,60.18799117162844,2024-09-08 15h01.32.222053 +0200,
,,,,,,,,,172.59282899999994,172.68816449999997,172.63858019999986,176.05406169999992,176.0541144999999,176.5205881999999,176.55394349999995,178.35349629999996,178.35349629999996,178.8367745999999,178.8367745999999,179.33675229999994,180.15556199999992,p,0,810.9898000000157,None,3.36,2.2742407167536545,1.4774161658648886,,,,,prova_3,001,2024-09-08_15h01.16.067,Time estimation,2023.2.3,60.18799117162844,2024-09-08 15h01.32.222053 +0200,
,,,,,,,,,181.0902299999999,181.1864187,181.13691479999986,183.50256819999993,183.5025359999999,184.0024188,184.0357593,187.58512059999998,187.58512059999998,188.05161609999993,188.05161609999993,188.55170859999998,188.5865255,p,1,18.741900000009082,None,2.335325754135699,4.053,1.7355180504571663,,,,,prova_3,001,2024-09-08_15h01.16.067,Time estimation,2023.2.3,60.18799117162844,2024-09-08 15h01.32.222053 +0200,
,,,,,,,,,189.59613179999997,189.70152569999993,189.63513479999986,193.5671021999999,193.56712249999993,194.13378619999992,194.18367239999998,195.88330509999992,195.88330509999992,196.34993969999994,196.34993969999994,196.84979599999997,197.81807189999995,p,0,958.6191000000781,None,3.969129781395539,2.287,1.7355180504571663,,,,,prova_3,001,2024-09-08_15h01.16.067,Time estimation,2023.2.3,60.18799117162844,2024-09-08 15h01.32.222053 +0200,
,,,,,,,,,198.7321407999999,198.8327048,198.7832762999998,201.58216659999994,201.5821477,202.0654707,202.09882089999996,207.59754809999993,207.59754809999993,208.06413809999992,208.06413809999992,208.56416289999993,211.69861609999998,p,1,3130.7802999999694,None,2.7506899157093123,5.993,2.178726131860124,,,,,prova_3,001,2024-09-08_15h01.16.067,Time estimation,2023.2.3,60.18799117162844,2024-09-08 15h01.32.222053 +0200,
,,,,,,,,,212.6141975999999,212.7132307999999,212.66361839999982,216.16243939999993,216.1624906,216.62905489999991,216.66235329999995,223.69439439999996,223.69439439999996,224.17752369999994,224.17752369999994,224.67742909999993,225.41235669999992,p,1,718.2164999999259,None,3.4492632598957917,7.515,2.178726131860124,,,,,prova_3,001,2024-09-08_15h01.16.067,Time estimation,2023.2.3,60.18799117162844,2024-09-08 15h01.32.222053 +0200,
,,,,,,,,,226.33224339999992,226.44392549999998,226.3775659999998,231.59268529999997,231.59265019999992,232.07577579999997,232.12583829999994,234.59196279999992,234.59196279999992,235.0585913,235.0585913,235.55847299999994,236.5271259,w,1,966.2319999999909,None,5.166637236210984,2.977,1.7355180504571663,,,,,prova_3,001,2024-09-08_15h01.16.067,Time estimation,2023.2.3,60.18799117162844,2024-09-08 15h01.32.222053 +0200,
,,,,,,,,,237.45101079999995,237.54174719999992,237.4919290999998,241.5739643999999,241.57397899999995,242.05711989999998,242.09049759999994,248.60587409999994,248.60587409999994,249.07247389999998,249.07247389999998,249.57234559999995,250.9244961999999,p,1,1347.254199999952,None,4.034530207366929,7.002,1.7355180504571663,,,,,prova_3,001,2024-09-08_15h01.16.067,Time estimation,2023.2.3,60.18799117162844,2024-09-08 15h01.32.222053 +0200,
,,,,,,,,,252.44897989999993,252.62296099999992,252.52254669999974,256.4209953999999,256.4210461999999,257.53739859999996,257.6241404,263.06964329999994,263.06964329999994,263.5542708999999,263.5542708999999,264.0531315999999,266.9544345999999,w,0,2896.050500000001,None,4.489594843519937,6.633,1.4774161658648886,,,,,prova_3,001,2024-09-08_15h01.16.067,Time estimation,2023.2.3,60.18799117162844,2024-09-08 15h01.32.222053 +0200,
,,,,,,,,,267.8915548,267.9853081,267.93576879999983,272.1843286999999,272.18439129999996,272.6842969999999,272.71796429999995,279.53284869999993,279.53284869999993,279.99950119999994,279.99950119999994,280.4994535999999,280.5510738999999,p,1,34.840799999983574,None,4.220065586797399,7.324,1.7355180504571663,,,,,prova_3,001,2024-09-08_15h01.16.067,Time estimation,2023.2.3,60.18799117162844,2024-09-08 15h01.32.222053 +0200,
,,,,,,,,,281.4840303,281.58238819999997,281.53294139999986,284.3652738999999,284.3653106,284.8649627,284.8983685999999,286.01476879999996,286.01476879999996,286.4980073999999,286.4980073999999,286.9980968,290.8156944,w,1,3813.3520999999746,None,2.815010277841524,1.622,1.7355180504571663,,,,,prova_3,001,2024-09-08_15h01.16.067,Time estimation,2023.2.3,60.18799117162844,2024-09-08 15h01.32.222053 +0200,
,,,,,,,,,291.7588358999999,291.86368889999994,291.79742889999983,296.6959478,296.6959361,297.1958519,297.2458486999999,303.9111826999999,303.9111826999999,304.37776109999993,304.37776109999993,304.87778619999995,305.0461918,p,1,161.8838000000551,None,4.867281248266526,7.191,1.4774161658648886,,,,,prova_3,001,2024-09-08_15h01.16.067,Time estimation,2023.2.3,60.18799117162844,2024-09-08 15h01.32.222053 +0200,
,,,,,,,,,305.9643,306.06079139999997,306.01124409999983,311.2763878999999,311.27642099999997,311.75969829999997,311.793048,319.0249260999999,319.0249260999999,319.50793179999994,319.50793179999994,320.0078226999999,323.65888599999994,p,1,3645.0801999999385,None,5.226015647040168,7.721,1.4774161658648886,,,,,prova_3,001,2024-09-08_15h01.16.067,Time estimation,2023.2.3,60.18799117162844,2024-09-08 15h01.32.222053 +0200,
,,,,,,,,,324.6152446,324.7236011,324.6575049999998,330.45573719999993,330.45572020000003,330.9722677,331.0222575,338.10410750000005,338.10410750000005,338.57067089999987,338.57067089999987,339.0705900999999,339.5390571999999,p,1,452.88170000003447,None,5.783411068570721,7.624,1.3182531743994037,,,,,prova_3,001,2024-09-08_15h01.16.067,Time estimation,2023.2.3,60.18799117162844,2024-09-08 15h01.32.222053 +0200,
,,,,,,,,,340.4821729,340.571827,340.5208563999998,344.51959779999993,344.5196421,345.0193829,345.05276449999997,349.78507620000005,349.78507620000005,350.2516773,350.2516773,350.7515378999999,352.43721949999986,w,0,1678.0659000000924,None,3.974198660577388,5.239,1.3182531743994037,,,,,prova_3,001,2024-09-08_15h01.16.067,Time estimation,2023.2.3,60.18799117162844,2024-09-08 15h01.32.222053 +0200,
,,,,,,,,,353.34952469999985,353.45119939999995,353.3852549999999,356.2837127999999,356.2837443999999,356.75032940000006,356.8003076,360.49957489999997,360.49957489999997,360.9829285999999,360.9829285999999,361.48265549999996,362.8177002,p,1,1324.891100000059,None,2.842,4.198816743388013,1.4774161658648886,,,,,prova_3,001,2024-09-08_15h01.16.067,Time estimation,2023.2.3,60.18799117162844,2024-09-08 15h01.32.222053 +0200,
,,,,,,,,,363.75357710000003,363.8489285999999,363.7995515999999,372.73053200000004,372.7303973,373.23025770000004,373.26357329999996,378.77914510000005,378.77914510000005,379.24566759999993,379.24566759999993,379.7455752999999,380.16487370000004,p,0,416.9569999999112,None,8.9,6.024030469972478,1.4774161658648886,,,,,prova_3,001,2024-09-08_15h01.16.067,Time estimation,2023.2.3,60.18799117162844,2024-09-08 15h01.32.222053 +0200,
,,,,,,,,,381.0725935999999,381.16317129999993,381.1126850999999,383.9614663,383.9614455999999,384.42795009999986,384.46125429999984,385.59438109999996,385.59438109999996,386.0777475,386.0777475,386.57758109999986,389.01268689999984,w,1,2432.315400000107,None,2.7907130251351235,1.608,1.7355180504571663,,,,,prova_3,001,2024-09-08_15h01.16.067,Time estimation,2023.2.3,60.18799117162844,2024-09-08 15h01.32.222053 +0200,
,,,,,,,,,389.92154089999985,390.0101376,389.96087909999983,391.8768327999999,391.8764346,392.34312909999994,392.37632929999995,392.97628910000003,392.97628910000003,393.4601923,393.4601923,393.9594703,394.76271099999985,w,1,799.4043000001056,None,1.8639463861909968,1.074,1.7355180504571663,,,,,prova_3,001,2024-09-08_15h01.16.067,Time estimation,2023.2.3,60.18799117162844,2024-09-08 15h01.32.222053 +0200,
,,,,,,,,,395.5100049,395.60912140000005,395.55943159999987,398.09186569999997,398.09184469999985,398.40841739999996,398.4250651,399.6914826,399.6914826,400.15805669999986,400.15805669999986,400.6579901,400.77662769999984,p,0,115.85189999982504,None,2.3165885480761452,1.568,1.4774161658648886,,,,,prova_3,001,2024-09-08_15h01.16.067,Time estimation,2023.2.3,60.18799117162844,2024-09-08 15h01.32.222053 +0200,
,,,,,,,,,401.5310373,401.62532409999994,401.5748089999999,406.4068095,406.4068915,406.7234085,406.75681710000003,414.42178160000003,414.4550801999999,414.9217518999999,414.9217518999999,415.4215984,415.6568821999999,p,1,229.80099999995218,None,4.618793793523751,8.016,1.7355180504571663,,,,,prova_3,001,2024-09-08_15h01.16.067,Time estimation,2023.2.3,60.18799117162844,2024-09-08 15h01.32.222053 +0200,
,,,,,,,,,,,,,,,,,,,,,,,,,,,,,415.65697279999995,415.6716471,418.6709721,418.65549539999984,,,,,,,,
