thisRow.t,notes,Instruction.started,text.started,key_resp_2.started,Instruction.stopped,key_resp_2.keys,key_resp_2.rt,key_resp_2.duration,TRIAL.started,item1.started,sound_1.started,item2.started,sound_2.started,item2.stopped,sound_2.stopped,image_L.started,image_R.started,sound_1.stopped,item1.stopped,key_resp.started,TRIAL.stopped,key_resp.keys,key_resp.corr,key_resp.rt,key_resp.duration,xLength1,xLength2,ratio,End.started,text_2.started,text_2.stopped,End.stopped,participant,session,date,expName,psychopyVersion,frameRate,expStart,
,,0.07571409997763112,0.10675169999012724,0.10675169999012724,21.33824700000696,space,21.225350800028536,None,,,,,,,,,,,,,,,,,,,,,,,,,TFA1118,001,2024-11-21_15h29.29.641,Time estimation,2023.2.3,60.03431561052026,2024-11-21 15h29.50.054250 +0100,
,,,,,,,,,23.94643409998389,24.05179539998062,23.998353899631184,26.401275000011083,26.401595459959935,27.767547099967487,27.767547099967487,28.250748499995098,28.250748499995098,28.584241300006397,28.600767500000075,28.750780800008215,35.51849879999645,w,1,6753.572299960069,None,4.048,1.3493333333333333,3,,,,,TFA1118,001,2024-11-21_15h29.29.641,Time estimation,2023.2.3,60.03431561052026,2024-11-21 15h29.50.054250 +0100,
,,,,,,,,,36.457040500012226,36.54916489997413,36.498062439844944,38.98218679998536,38.9820876599988,46.36403589998372,46.36403589998372,46.847218699986115,46.847218699986115,39.48195799998939,39.515433399996255,47.3470987000037,47.96651739999652,p,1,617.247199988924,None,2.455,7.365,3,,,,,TFA1118,001,2024-11-21_15h29.29.641,Time estimation,2023.2.3,60.03431561052026,2024-11-21 15h29.50.054250 +0100,
,,,,,,,,,48.93520810001064,49.030089500010945,48.97882695985027,53.6624720999971,53.662481759965885,55.245547999977134,55.245547999977134,55.71209169999929,55.71209169999929,54.179379699984565,54.21235389995854,56.21197339997161,57.03082629997516,w,1,816.3031000294723,None,4.681,1.5603333333333333,3,,,,,TFA1118,001,2024-11-21_15h29.29.641,Time estimation,2023.2.3,60.03431561052026,2024-11-21 15h29.50.054250 +0100,
,,57.0515110999695,57.061701599974185,57.061701599974185,63.69562610000139,space,6.6232156999758445,None,,,,,,,,,,,,,,,,,,,,,,,,,TFA1118,001,2024-11-21_15h29.29.641,Time estimation,2023.2.3,60.03431561052026,2024-11-21 15h29.50.054250 +0100,
,,,,,,,,,64.62018239998724,64.72733719996177,64.65908337984001,71.77585739997448,71.77544435998425,74.15866640000604,74.15866640000604,74.6248476000037,74.6248476000037,72.25881550001213,72.30882069998188,75.12495069997385,77.64428449998377,w,1,2512.457499979064,None,7.072,2.354064303912818,3.0041660239464334,,,,,TFA1118,001,2024-11-21_15h29.29.641,Time estimation,2023.2.3,60.03431561052026,2024-11-21 15h29.50.054250 +0100,
,,,,,,,,,78.5784796999651,78.67413559998386,78.62297813984333,83.13980840001022,83.1398576599895,92.1379538999754,92.1379538999754,92.62141409999458,92.62141409999458,83.64000229997328,83.67367940000258,93.12142829998629,95.10617619997356,p,1,1972.5146999699064,None,4.485934358133686,8.98,2.0018126176362534,,,,,TFA1118,001,2024-11-21_15h29.29.641,Time estimation,2023.2.3,60.03431561052026,2024-11-21 15h29.50.054250 +0100,
,,,,,,,,,96.0511004999862,96.15408579999348,96.10263709985884,100.18656920001376,100.18658246000996,102.83604389999527,102.83604389999527,103.31913859996712,103.31913859996712,100.70290859998204,100.73641159996623,103.8189979000017,106.93724810000276,w,1,3101.17330000503,None,4.074,2.6292731264003995,1.5494776708791378,,,,,TFA1118,001,2024-11-21_15h29.29.641,Time estimation,2023.2.3,60.03431561052026,2024-11-21 15h29.50.054250 +0100,
,,,,,,,,,107.84247490001144,107.93630709999707,107.88373461982701,110.36784969997825,110.36781845998485,112.23395859997254,112.23395859997254,112.70078329998069,112.70078329998069,110.8177229000139,110.86776019999525,113.20058659999631,121.63422919996083,w,1,8416.396499960683,None,2.4176763218485062,1.834,1.3182531743994035,,,,,TFA1118,001,2024-11-21_15h29.29.641,Time estimation,2023.2.3,60.03431561052026,2024-11-21 15h29.50.054250 +0100,
,,,,,,,,,122.55785919999471,122.66557989997091,122.5975145798293,129.61384509998607,129.61400165996747,137.9456569000031,137.9456569000031,138.42898209998384,138.42898209998384,130.11411679995945,130.14731450000545,138.92888859997038,144.67988939996576,p,1,5741.331299999729,None,6.97546557966701,8.304,1.190458171595825,,,,,TFA1118,001,2024-11-21_15h29.29.641,Time estimation,2023.2.3,60.03431561052026,2024-11-21 15h29.50.054250 +0100,
,,,,,,,,,145.62561200000346,145.72762009996222,145.6763878998463,146.24400569999125,146.24406235996867,146.7772827000008,146.7772827000008,147.24378939997405,147.24378939997405,146.7772827000008,146.79400120000355,147.74380110000493,153.87783040001523,w,1,6123.6025000107475,None,0.554790201018059,0.497,1.1162780704588713,,,,,TFA1118,001,2024-11-21_15h29.29.641,Time estimation,2023.2.3,60.03431561052026,2024-11-21 15h29.50.054250 +0100,
,,,,,,,,,154.8292034000042,154.94229400000768,154.87435739982175,157.14194930001395,157.14185725996504,159.59135850000894,159.59135850000894,160.05785219999962,160.05785219999962,157.65854919998674,157.7084223999991,160.55779769999208,164.14228139998158,p,1,3577.754499972798,None,2.259,2.421355592142328,1.0718705587172768,,,,,TFA1118,001,2024-11-21_15h29.29.641,Time estimation,2023.2.3,60.03431561052026,2024-11-21 15h29.50.054250 +0100,
,,,,,,,,,165.06636920000892,165.1737362999702,165.10554987983778,168.77279670001008,168.77286416001152,172.57220100000268,172.57220100000268,173.03859169996576,173.03859169996576,169.23938169999747,169.3061148999841,173.53890250000404,177.95609150000382,p,1,4405.301099992357,None,3.6170820440267275,3.779,1.0447648004669026,,,,,TFA1118,001,2024-11-21_15h29.29.641,Time estimation,2023.2.3,60.03431561052026,2024-11-21 15h29.50.054250 +0100,
,,,,,,,,,178.8580520999967,178.9545855000033,178.90289141982794,185.10287959995912,185.10294875997351,191.43494880001526,191.43494880001526,191.91818159999093,191.91818159999093,185.5694431999582,185.60277779999888,192.41813790000742,200.43561849999242,p,1,8014.917100023013,None,6.139982136542794,6.312,1.0280160201824404,,,,,TFA1118,001,2024-11-21_15h29.29.641,Time estimation,2023.2.3,60.03431561052026,2024-11-21 15h29.50.054250 +0100,
,,,,,,,,,201.36378069996135,201.4664061999647,201.41502593987389,208.66486489999807,208.6649427599623,215.78015730000334,215.78015730000334,216.24661209998885,216.24661209998885,209.1480087999953,209.19810989999678,216.74656160001177,220.5313496000017,w,1,3772.8226000326686,None,7.217,7.092270499436233,1.017586681243148,,,,,TFA1118,001,2024-11-21_15h29.29.641,Time estimation,2023.2.3,60.03431561052026,2024-11-21 15h29.50.054250 +0100,
,,,,,,,,,221.49299130000873,221.5957954999758,221.54439965984784,224.97818679997,224.97825595998438,228.47751240001526,228.47751240001526,228.94433149998076,228.94433149998076,225.51166999997804,225.5448912999709,229.4444097999949,231.17899260000559,p,1,1725.9834000142291,None,3.4369844687444067,3.475,1.0110607224447195,,,,,TFA1118,001,2024-11-21_15h29.29.641,Time estimation,2023.2.3,60.03431561052026,2024-11-21 15h29.50.054250 +0100,
,,,,,,,,,232.10045779997017,232.19356049998896,232.14231557986932,235.27636610000627,235.2763771599857,238.3756687999703,238.3756687999703,238.84223419998307,238.84223419998307,235.7595646000118,235.79282839997904,239.34225370001514,245.12601820001146,w,1,5766.495899995789,None,3.092,3.070614179121575,1.006964672091934,,,,,TFA1118,001,2024-11-21_15h29.29.641,Time estimation,2023.2.3,60.03431561052026,2024-11-21 15h29.50.054250 +0100,
,,,,,,,,,246.04455970000708,246.14083310001297,246.0894971798407,253.10603059997084,253.10611965996213,260.1378672000137,260.1378672000137,260.60444359999383,260.60444359999383,253.5893422999652,253.62259729998186,261.1045411999803,264.8055824000039,p,1,3685.307500010822,None,6.969412770224093,7.0,1.004388781491977,,,,,TFA1118,001,2024-11-21_15h29.29.641,Time estimation,2023.2.3,60.03431561052026,2024-11-21 15h29.50.054250 +0100,
,,,,,,,,,265.7397323999903,265.920318999968,265.78551793983206,269.1361644999706,269.13617245998466,272.48548039997695,272.48548039997695,272.9687197000021,272.9687197000021,269.65281499997946,269.75280959997326,273.468635600002,275.6373575999751,p,1,2166.5707999491133,None,3.3218089006226226,3.331,1.002766895884846,,,,,TFA1118,001,2024-11-21_15h29.29.641,Time estimation,2023.2.3,60.03431561052026,2024-11-21 15h29.50.054250 +0100,
,,,,,,,,,276.585935399984,276.71808489999967,276.6333414998371,285.1665210999781,285.16645695996704,293.73128259996884,293.73128259996884,294.21445520001,294.21445520001,285.68282519996865,285.74978620000184,294.71430469996994,298.5991778000025,w,0,3875.3228000132367,None,8.524126225838668,8.539,1.0017449030865178,,,,,TFA1118,001,2024-11-21_15h29.29.641,Time estimation,2023.2.3,60.03431561052026,2024-11-21 15h29.50.054250 +0100,
,,,,,,,,,299.5507190999924,299.64680889999727,299.595514999819,302.26277859997936,302.26283035997767,304.92914429999655,304.92914429999655,305.4122282000026,305.4122282000026,302.77940459997626,302.81274309998844,305.9120723999804,309.046929300006,p,0,3122.977900027763,None,2.6553267403030723,2.648,1.002766895884846,,,,,TFA1118,001,2024-11-21_15h29.29.641,Time estimation,2023.2.3,60.03431561052026,2024-11-21 15h29.50.054250 +0100,
,,,,,,,,,309.98213219997706,310.09476429998176,310.0266901398427,315.37690410000505,315.37687875999836,320.75924699997995,320.75924699997995,321.2256696000113,321.2256696000113,315.8768686999683,315.9267654999858,321.7256155000068,322.4276783000096,p,1,690.6489999964833,None,5.326622617242699,5.35,1.004388781491977,,,,,TFA1118,001,2024-11-21_15h29.29.641,Time estimation,2023.2.3,60.03431561052026,2024-11-21 15h29.50.054250 +0100,
,,,,,,,,,323.36374709999654,323.6752347999718,323.4075634398614,328.5743547999882,328.5743543599965,333.7232626999612,333.7232626999612,334.2064059000113,334.2064059000113,329.0740833999589,329.32426719996147,334.70637959998567,336.62502519995905,w,1,1909.544800000731,None,5.147,5.124509646906201,1.004388781491977,,,,,TFA1118,001,2024-11-21_15h29.29.641,Time estimation,2023.2.3,60.03431561052026,2024-11-21 15h29.50.054250 +0100,
,,,,,,,,,337.58901259995764,337.7227687999839,337.63780885987217,338.85550120001426,338.85584276000736,340.10543369996594,340.10543369996594,340.58850010001333,340.58850010001333,339.3887284999946,339.4556381999864,341.0717983999639,343.3403709999984,p,0,2263.1246999953873,None,1.2237881388939564,1.22,1.003105031880292,,,,,TFA1118,001,2024-11-21_15h29.29.641,Time estimation,2023.2.3,60.03431561052026,2024-11-21 15h29.50.054250 +0100,
,,,,,,,,,344.3137096000137,344.42157189996215,344.3530767598422,351.9863211999764,351.9863560599624,359.68480340001406,359.68480340001406,360.16797139996197,360.16797139996197,352.5195286999806,352.569595900015,360.66791299998295,361.6031877999776,p,1,929.3418999877758,None,7.646441439331576,7.68,1.004388781491977,,,,,TFA1118,001,2024-11-21_15h29.29.641,Time estimation,2023.2.3,60.03431561052026,2024-11-21 15h29.50.054250 +0100,
,,,,,,,,,362.51599169999827,362.6178125999868,362.566203779832,370.53261799999746,370.53265506000025,378.5143962999573,378.5143962999573,378.99755339999683,378.99755339999683,371.0326337000006,371.0493237999617,379.4975945999613,380.38275129999965,w,0,868.4204000164755,None,7.924222319744793,7.959,1.004388781491977,,,,,TFA1118,001,2024-11-21_15h29.29.641,Time estimation,2023.2.3,60.03431561052026,2024-11-21 15h29.50.054250 +0100,
,,,,,,,,,381.33783309999853,381.43716169998515,381.37923929985845,390.14535149995936,390.145406059979,398.9769572999794,398.9769572999794,399.44341800000984,399.44341800000984,390.6451554999803,390.69531929999357,399.94342470000265,407.7778908999753,p,1,7830.261999974027,None,8.747721039452154,8.802,1.0062049258661825,,,,,TFA1118,001,2024-11-21_15h29.29.641,Time estimation,2023.2.3,60.03431561052026,2024-11-21 15h29.50.054250 +0100,
,,,,,,,,,408.68851020000875,408.79203429998597,408.74041237984784,414.7569657000131,414.7570464599994,420.7224231999717,420.7224231999717,421.2057453999878,421.2057453999878,415.2406597000081,415.2737243999727,421.70567769999616,425.5070621999912,p,0,3788.1873000296764,None,5.977,5.940141860123328,1.0062049258661825,,,,,TFA1118,001,2024-11-21_15h29.29.641,Time estimation,2023.2.3,60.03431561052026,2024-11-21 15h29.50.054250 +0100,
,,,,,,,,,426.38763859996106,426.4882983000134,426.4371841598768,432.753413599974,432.7535841600038,439.06878380000126,439.06878380000126,439.55207839998184,439.55207839998184,433.2032424999634,433.23673519998556,440.05208669998683,441.1541353999637,w,0,1097.4613999715075,None,6.2382537406588,6.293,1.0087758949246297,,,,,TFA1118,001,2024-11-21_15h29.29.641,Time estimation,2023.2.3,60.03431561052026,2024-11-21 15h29.50.054250 +0100,
,,,,,,,,,442.0163468999672,442.1184171999921,442.06709639984183,446.58412780001527,446.58420735999243,451.08315919997403,451.08315919997403,451.54987759998767,451.54987759998767,447.00072509999154,447.0340578999603,452.04967949999264,454.4680931000039,p,1,2413.3083999622613,None,4.416157147391329,4.471,1.0124186823018895,,,,,TFA1118,001,2024-11-21_15h29.29.641,Time estimation,2023.2.3,60.03431561052026,2024-11-21 15h29.50.054250 +0100,
,,,,,,,,,455.41465819999576,455.5157126999693,455.4644015998347,463.4808497999911,463.48109895997914,471.61253729998134,471.61253729998134,472.09566079999786,472.09566079999786,463.99736450001365,464.03067989996634,472.5957977999933,474.1636694999761,w,0,1551.3352999696508,None,8.006568963711498,8.106,1.0124186823018895,,,,,TFA1118,001,2024-11-21_15h29.29.641,Time estimation,2023.2.3,60.03431561052026,2024-11-21 15h29.50.054250 +0100,
,,,,,,,,,475.0529511999921,475.14575490000425,475.09378345985897,480.127422199992,480.12741225998616,485.1930923999753,485.1930923999753,485.6595770000131,485.6595770000131,480.5606466999743,480.59401299996534,486.1594594999915,490.76041099999566,p,1,4589.808200020343,None,4.94896414509642,5.036,1.017586681243148,,,,,TFA1118,001,2024-11-21_15h29.29.641,Time estimation,2023.2.3,60.03431561052026,2024-11-21 15h29.50.054250 +0100,
,,,,,,,,,491.45107319997624,491.5250462999684,491.47416177985724,495.19096209999407,495.1909201599774,498.6903171999729,498.6903171999729,499.15688949998,499.15688949998,495.4075795999961,495.45756509999046,499.6567488000146,508.7902548999991,p,1,9121.888400055468,None,3.416907929408311,3.477,1.017586681243148,,,,,TFA1118,001,2024-11-21_15h29.29.641,Time estimation,2023.2.3,60.03431561052026,2024-11-21 15h29.50.054250 +0100,
,,,,,,,,,509.44611239997903,509.5218066999805,509.47047925990773,517.3699455999886,517.369901959959,525.051607500005,525.051607500005,525.5181979999761,525.5181979999761,517.569903799973,517.6031475999625,526.0181358999689,531.7185876999865,p,1,5692.141400009859,None,7.567027489636539,7.661,1.0124186823018895,,,,,TFA1118,001,2024-11-21_15h29.29.641,Time estimation,2023.2.3,60.03431561052026,2024-11-21 15h29.50.054250 +0100,
,,,,,,,,,532.364590000012,532.4503538999707,532.3992975598667,537.1826163000078,537.1826281599933,541.7150670000119,541.7150670000119,542.1982530999812,542.1982530999812,537.3826190999825,537.4158789999783,542.6981776999892,543.5495529999607,w,0,841.5216999710537,None,4.459617427974021,4.515,1.0124186823018895,,,,,TFA1118,001,2024-11-21_15h29.29.641,Time estimation,2023.2.3,60.03431561052026,2024-11-21 15h29.50.054250 +0100,
,,,,,,,,,544.1617495999672,544.2311938999919,544.1969381399103,551.1964361999999,551.196469359973,557.9785870999913,557.9785870999913,558.461725000001,558.461725000001,551.363076300011,551.3798141999869,558.9616321999929,561.4460138999857,p,1,2467.0326999621466,None,6.645134143991659,6.762,1.017586681243148,,,,,TFA1118,001,2024-11-21_15h29.29.641,Time estimation,2023.2.3,60.03431561052026,2024-11-21 15h29.50.054250 +0100,
,,,,,,,,,562.0570566999959,562.1276759000029,562.0767546799034,570.4759653999936,570.4759660600103,578.3743804999976,578.3743804999976,578.857860499993,578.857860499993,570.6259277999634,570.6592759999912,579.3575101000024,582.2259115999914,w,1,2859.647700039204,None,8.021,7.882375180265766,1.017586681243148,,,,,TFA1118,001,2024-11-21_15h29.29.641,Time estimation,2023.2.3,60.03431561052026,2024-11-21 15h29.50.054250 +0100,
,,,,,,,,,582.9131474999595,582.9902922000038,582.9391668798635,584.1732193999924,584.1731837599655,585.123033299984,585.123033299984,585.5897912000073,585.5897912000073,584.4065816999646,584.4401353999856,586.0895784999593,601.7047806999763,w,1,15607.578800001647,None,0.9354748624469459,0.924,1.0124186823018895,,,,,TFA1118,001,2024-11-21_15h29.29.641,Time estimation,2023.2.3,60.03431561052026,2024-11-21 15h29.50.054250 +0100,
,,,,,,,,,,,,,,,,,,,,,,,,,,,,,601.7048622999573,601.7196884999867,604.7191615999909,604.7034909999929,,,,,,,,
